espn_id,name,season,regular_season_games,postseason_games
4692835,Jalen Brooks,2020,5,0
4692835,Jalen Brooks,2021,5,0
4692835,Jalen Brooks,2022,12,0
4240657,Michael Carter,2017,11,0
4240657,Michael Carter,2018,9,0
4240657,Michael Carter,2019,12,1
4240657,Michael Carter,2020,11,0
3914151,Josiah Deguara,2016,4,0
3914151,Josiah Deguara,2017,5,0
3914151,Josiah Deguara,2018,12,1
3914151,Josiah Deguara,2019,12,1
4362478,Emari Demercado,2018,8,1
4362478,Emari Demercado,2019,4,0
4362478,Emari Demercado,2020,8,0
4362478,Emari Demercado,2021,10,0
4362478,Emari Demercado,2022,13,2
4605858,Rivaldo Fairweather,2020,3,0
4605858,Rivaldo Fairweather,2021,7,0
4605858,Rivaldo Fairweather,2022,10,0
4605858,Rivaldo Fairweather,2023,10,1
4605858,Rivaldo Fairweather,2024,12,0
4432705,Bryson Green,2021,5,1
4432705,Bryson Green,2022,10,0
4432705,Bryson Green,2023,9,1
4432705,Bryson Green,2024,6,0
4426844,Elijah Higgins,2020,4,0
4426844,Elijah Higgins,2021,10,0
4426844,Elijah Higgins,2022,12,0
4431431,Corey Kiner,2021,10,1
4431431,Corey Kiner,2022,9,1
4431431,Corey Kiner,2023,12,0
4431431,Corey Kiner,2024,12,0
4361307,Trey McBride,2018,5,0
4361307,Trey McBride,2019,12,0
4361307,Trey McBride,2020,4,0
4361307,Trey McBride,2021,12,0
4875912,Tejhaun Palmer,2021,3,1
4875912,Tejhaun Palmer,2022,9,1
4875912,Tejhaun Palmer,2023,12,0
4428512,Kedon Slovis,2019,11,1
4428512,Kedon Slovis,2020,6,0
4428512,Kedon Slovis,2021,9,0
4428512,Kedon Slovis,2022,11,0
4428512,Kedon Slovis,2023,8,0
4240573,Ihmir Smith-Marsette,2017,10,0
4240573,Ihmir Smith-Marsette,2018,11,1
4240573,Ihmir Smith-Marsette,2019,12,1
4240573,Ihmir Smith-Marsette,2020,7,0
4428811,Xavier Weaver,2019,8,0
4428811,Xavier Weaver,2020,6,0
4428811,Xavier Weaver,2021,10,0
4428811,Xavier Weaver,2022,9,0
4428811,Xavier Weaver,2023,11,0
4360761,Michael Wilson,2018,8,1
4360761,Michael Wilson,2019,11,0
4360761,Michael Wilson,2020,4,0
4360761,Michael Wilson,2021,4,0
4360761,Michael Wilson,2022,6,0
3886809,Andre Baccellia,2016,6,1
3886809,Andre Baccellia,2017,5,1
3886809,Andre Baccellia,2018,13,1
3886809,Andre Baccellia,2019,10,1
4429275,Trey Benson,2021,2,0
4429275,Trey Benson,2022,12,1
4429275,Trey Benson,2023,13,0
4037235,Greg Dortch,2017,8,0
4037235,Greg Dortch,2018,12,0
4360739,Simi Fehoko,2018,1,0
4360739,Simi Fehoko,2019,9,0
4360739,Simi Fehoko,2020,6,0
4432708,Marvin Harrison Jr.,2021,3,1
4432708,Marvin Harrison Jr.,2022,12,1
4432708,Marvin Harrison Jr.,2023,12,0
4427728,Bam Knight,2019,12,0
4427728,Bam Knight,2020,11,1
4427728,Bam Knight,2021,12,0
3917315,Kyler Murray,2015,8,0
3917315,Kyler Murray,2017,6,1
3917315,Kyler Murray,2018,13,1
4696700,Tip Reiman,2021,3,0
4696700,Tip Reiman,2022,9,1
4696700,Tip Reiman,2023,11,0
4259324,Travis Vokolek,2017,1,0
4259324,Travis Vokolek,2018,7,0
4259324,Travis Vokolek,2020,5,0
4259324,Travis Vokolek,2021,7,0
4259324,Travis Vokolek,2022,8,0
4373626,Tyler Allgeier,2018,2,1
4373626,Tyler Allgeier,2019,2,1
4373626,Tyler Allgeier,2020,10,1
4373626,Tyler Allgeier,2021,12,1
4369886,Chris Blair,2018,11,1
4369886,Chris Blair,2019,11,1
4605841,Nathan Carter,2021,12,0
4605841,Nathan Carter,2022,4,0
4605841,Nathan Carter,2023,12,0
4605841,Nathan Carter,2024,12,0
4363551,Dylan Drummond,2018,8,1
4363551,Dylan Drummond,2019,12,1
4363551,Dylan Drummond,2020,3,0
4363551,Dylan Drummond,2021,12,1
4363551,Dylan Drummond,2022,8,1
4034948,Feleipe Franks,2016,1,0
4034948,Feleipe Franks,2017,11,0
4034948,Feleipe Franks,2018,12,1
4034948,Feleipe Franks,2019,3,0
4034948,Feleipe Franks,2020,9,0
4689334,Malik Heath,2020,9,1
4689334,Malik Heath,2021,10,0
4689334,Malik Heath,2022,11,1
4426502,Drake London,2019,7,1
4426502,Drake London,2020,6,0
4426502,Drake London,2021,8,0
4040655,Darnell Mooney,2016,9,0
4040655,Darnell Mooney,2017,10,0
4040655,Darnell Mooney,2018,12,1
4040655,Darnell Mooney,2019,12,1
4360248,Kyle Pitts Sr.,2018,3,0
4360248,Kyle Pitts Sr.,2019,12,1
4360248,Kyle Pitts Sr.,2020,8,0
4374045,Teagan Quitoriano,2018,2,0
4374045,Teagan Quitoriano,2019,5,0
4374045,Teagan Quitoriano,2020,6,0
4374045,Teagan Quitoriano,2021,9,1
4430807,Bijan Robinson,2020,8,1
4430807,Bijan Robinson,2021,10,0
4430807,Bijan Robinson,2022,12,0
3871102,David Sills V,2015,3,1
3871102,David Sills V,2017,12,0
3871102,David Sills V,2018,11,1
4430482,Joshua Simon,2019,11,1
4430482,Joshua Simon,2020,9,1
4430482,Joshua Simon,2021,1,0
4430482,Joshua Simon,2022,10,1
4430482,Joshua Simon,2023,10,0
4430482,Joshua Simon,2024,11,1
3120590,Easton Stick,2015,8,2
3120590,Easton Stick,2016,13,1
3120590,Easton Stick,2017,13,2
3120590,Easton Stick,2018,13,2
4374187,Deven Thompkins,2018,8,0
4374187,Deven Thompkins,2019,11,1
4374187,Deven Thompkins,2020,4,0
4374187,Deven Thompkins,2021,12,1
4428796,Casey Washington,2019,5,1
4428796,Casey Washington,2020,5,0
4428796,Casey Washington,2021,11,0
4428796,Casey Washington,2022,11,1
4428796,Casey Washington,2023,12,0
4248425,Carlos Washington Jr.,2018,11,0
4248425,Carlos Washington Jr.,2019,10,0
4248425,Carlos Washington Jr.,2020,1,0
4248425,Carlos Washington Jr.,2021,10,0
4248425,Carlos Washington Jr.,2022,12,0
4035020,Charlie Woerner,2016,5,0
4035020,Charlie Woerner,2017,4,1
4035020,Charlie Woerner,2018,7,1
4035020,Charlie Woerner,2019,6,0
4360423,Michael Penix Jr.,2018,3,0
4360423,Michael Penix Jr.,2019,6,0
4360423,Michael Penix Jr.,2020,6,0
4360423,Michael Penix Jr.,2021,5,0
4360423,Michael Penix Jr.,2022,12,1
4360423,Michael Penix Jr.,2023,13,2
4690013,Rasheen Ali,2020,1,0
4690013,Rasheen Ali,2021,12,1
4690013,Rasheen Ali,2022,2,1
4690013,Rasheen Ali,2023,11,1
3116365,Mark Andrews,2015,8,1
3116365,Mark Andrews,2016,11,1
3116365,Mark Andrews,2017,13,1
4360939,Rashod Bateman,2018,12,1
4360939,Rashod Bateman,2019,12,1
4360939,Rashod Bateman,2020,5,0
4429615,Zay Flowers,2019,12,1
4429615,Zay Flowers,2020,11,0
4429615,Zay Flowers,2021,12,0
4429615,Zay Flowers,2022,12,0
4035671,Tyler Huntley,2016,3,1
4035671,Tyler Huntley,2017,9,1
4035671,Tyler Huntley,2018,9,0
4035671,Tyler Huntley,2019,13,1
3916387,Lamar Jackson,2015,11,1
3916387,Lamar Jackson,2016,12,1
3916387,Lamar Jackson,2017,12,1
4426479,Cornelius Johnson,2019,3,0
4426479,Cornelius Johnson,2020,4,0
4426479,Cornelius Johnson,2021,13,1
4426479,Cornelius Johnson,2022,12,1
4426479,Cornelius Johnson,2023,12,2
4241263,Charlie Kolar,2018,6,0
4241263,Charlie Kolar,2019,12,1
4241263,Charlie Kolar,2020,10,1
4241263,Charlie Kolar,2021,11,1
4361050,Isaiah Likely,2018,7,0
4361050,Isaiah Likely,2019,12,0
4361050,Isaiah Likely,2020,9,1
4361050,Isaiah Likely,2021,12,1
4596334,Keaton Mitchell,2020,9,0
4596334,Keaton Mitchell,2021,12,0
4596334,Keaton Mitchell,2022,11,1
4696882,Devontez Walker,2021,3,1
4696882,Devontez Walker,2022,12,0
4696882,Devontez Walker,2023,8,0
4241424,Tylan Wallace,2017,4,0
4241424,Tylan Wallace,2018,12,1
4241424,Tylan Wallace,2019,8,0
4241424,Tylan Wallace,2020,8,1
4690143,LaJohntay Wester,2020,6,1
4690143,LaJohntay Wester,2021,12,0
4690143,LaJohntay Wester,2022,12,0
4690143,LaJohntay Wester,2023,12,0
4690143,LaJohntay Wester,2024,12,1
4038441,Justice Hill,2016,12,1
4038441,Justice Hill,2017,12,1
4038441,Justice Hill,2018,10,0
4428763,Dayton Wade,2019,1,0
4428763,Dayton Wade,2020,3,1
4428763,Dayton Wade,2022,8,1
4428763,Dayton Wade,2023,12,1
3918298,Josh Allen,2015,2,0
3918298,Josh Allen,2016,13,1
3918298,Josh Allen,2017,10,1
4039034,Shane Buechele,2016,12,0
4039034,Shane Buechele,2017,8,1
4039034,Shane Buechele,2018,2,0
4039034,Shane Buechele,2019,12,1
4039034,Shane Buechele,2020,10,0
4635008,Keon Coleman,2021,3,1
4635008,Keon Coleman,2022,12,0
4635008,Keon Coleman,2023,12,0
4379399,James Cook III,2018,10,0
4379399,James Cook III,2019,12,1
4379399,James Cook III,2020,8,0
4379399,James Cook III,2021,13,2
4429501,Ray Davis,2019,10,1
4429501,Ray Davis,2020,4,0
4429501,Ray Davis,2021,3,0
4429501,Ray Davis,2022,12,0
4429501,Ray Davis,2023,12,1
4429805,Frank Gore Jr.,2020,10,0
4429805,Frank Gore Jr.,2021,12,0
4429805,Frank Gore Jr.,2022,12,1
4429805,Frank Gore Jr.,2023,12,0
4432215,Stephen Gosnell,2021,1,1
4432215,Stephen Gosnell,2022,6,0
4432215,Stephen Gosnell,2023,11,0
4432215,Stephen Gosnell,2024,11,1
4035004,Mecole Hardman Jr.,2017,11,2
4035004,Mecole Hardman Jr.,2018,12,1
4573699,Jackson Hawes,2021,7,0
4573699,Jackson Hawes,2022,8,0
4573699,Jackson Hawes,2023,7,0
4573699,Jackson Hawes,2024,9,1
3915411,Ty Johnson,2015,8,0
3915411,Ty Johnson,2016,12,1
3915411,Ty Johnson,2017,12,0
3915411,Ty Johnson,2018,9,0
4385690,Dalton Kincaid,2018,10,0
4385690,Dalton Kincaid,2019,12,0
4385690,Dalton Kincaid,2020,1,0
4385690,Dalton Kincaid,2021,12,1
4385690,Dalton Kincaid,2022,12,0
3930086,Dawson Knox,2017,8,0
3930086,Dawson Knox,2018,9,0
4688552,Keleki Latu,2021,2,0
4688552,Keleki Latu,2022,8,0
4688552,Keleki Latu,2023,5,0
4688552,Keleki Latu,2024,10,1
3121427,Curtis Samuel,2014,10,2
3121427,Curtis Samuel,2015,12,1
3121427,Curtis Samuel,2016,12,1
4373678,Khalil Shakir,2018,10,0
4373678,Khalil Shakir,2019,13,1
4373678,Khalil Shakir,2020,7,0
4373678,Khalil Shakir,2021,12,0
4036448,Jalen Virgil,2017,10,1
4036448,Jalen Virgil,2018,8,1
4036448,Jalen Virgil,2019,12,1
4036448,Jalen Virgil,2020,8,1
4036448,Jalen Virgil,2021,7,1
4243537,Gabe Davis,2017,9,1
4243537,Gabe Davis,2018,11,1
4243537,Gabe Davis,2019,12,0
4242433,Joshua Palmer,2017,9,0
4242433,Joshua Palmer,2018,12,0
4242433,Joshua Palmer,2019,10,1
4242433,Joshua Palmer,2020,10,0
4241476,Tyrell Shavers,2019,2,0
4241476,Tyrell Shavers,2020,3,0
4241476,Tyrell Shavers,2021,9,1
4241476,Tyrell Shavers,2022,11,1
3929637,Dan Chisena,2019,3,0
4695883,Jalen Coker,2020,2,0
4695883,Jalen Coker,2021,12,0
4695883,Jalen Coker,2022,11,0
4695883,Jalen Coker,2023,11,0
4038815,Rico Dowdle,2016,8,1
4038815,Rico Dowdle,2017,7,1
4038815,Rico Dowdle,2018,11,1
4038815,Rico Dowdle,2019,10,0
4685350,Trevor Etienne,2022,12,1
4685350,Trevor Etienne,2023,11,0
4685350,Trevor Etienne,2024,9,1
4683243,Mitchell Evans,2021,2,0
4683243,Mitchell Evans,2022,5,1
4683243,Mitchell Evans,2023,7,0
4683243,Mitchell Evans,2024,10,4
4708486,Jimmy Horn Jr.,2021,10,0
4708486,Jimmy Horn Jr.,2022,10,0
4708486,Jimmy Horn Jr.,2023,12,0
4708486,Jimmy Horn Jr.,2024,8,1
4241416,Chuba Hubbard,2018,12,1
4241416,Chuba Hubbard,2019,12,1
4241416,Chuba Hubbard,2020,7,0
4684625,Montrell Johnson Jr.,2021,13,1
4684625,Montrell Johnson Jr.,2022,12,1
4684625,Montrell Johnson Jr.,2023,12,0
4684625,Montrell Johnson Jr.,2024,9,0
4430034,Xavier Legette,2019,3,0
4430034,Xavier Legette,2020,3,0
4430034,Xavier Legette,2021,4,1
4430034,Xavier Legette,2022,7,1
4430034,Xavier Legette,2023,12,0
4685472,Tetairoa McMillan,2022,11,0
4685472,Tetairoa McMillan,2023,12,1
4685472,Tetairoa McMillan,2024,12,0
4361988,James Mitchell,2019,10,1
4361988,James Mitchell,2020,9,0
4361988,James Mitchell,2021,2,0
5082648,Bryce Pierre,2023,9,0
5082648,Bryce Pierre,2024,7,0
4876995,Ja'seem Reed,2021,7,0
4876995,Ja'seem Reed,2022,8,0
4876995,Ja'seem Reed,2023,10,0
4876995,Ja'seem Reed,2024,11,0
4428532,Ainias Smith,2019,6,1
4428532,Ainias Smith,2020,9,1
4428532,Ainias Smith,2021,12,0
4428532,Ainias Smith,2022,4,0
4428532,Ainias Smith,2023,12,0
4360763,Brycen Tremayne,2019,3,0
4360763,Brycen Tremayne,2020,5,0
4360763,Brycen Tremayne,2021,5,0
4360763,Brycen Tremayne,2022,12,0
4372780,Tommy Tremble,2019,8,1
4372780,Tommy Tremble,2020,10,0
4709392,Anthony Tyus III,2021,8,0
4709392,Anthony Tyus III,2022,8,0
4709392,Anthony Tyus III,2023,10,1
4709392,Anthony Tyus III,2024,12,1
4685720,Bryce Young,2020,7,0
4685720,Bryce Young,2021,13,2
4685720,Bryce Young,2022,11,1
4678008,Jonathon Brooks,2021,3,0
4678008,Jonathon Brooks,2022,3,1
4678008,Jonathon Brooks,2023,10,0
4431588,Ja'Tavion Sanders,2022,12,1
4431588,Ja'Tavion Sanders,2023,12,1
3914307,Maurice Alexander,2016,7,0
3914307,Maurice Alexander,2017,4,1
3914307,Maurice Alexander,2018,11,1
3914307,Maurice Alexander,2019,9,0
4036032,Brittain Brown,2017,12,1
4036032,Brittain Brown,2018,8,1
4036032,Brittain Brown,2019,3,0
4036032,Brittain Brown,2020,7,0
4036032,Brittain Brown,2021,10,0
4685278,Luther Burden III,2022,11,1
4685278,Luther Burden III,2023,12,1
4685278,Luther Burden III,2024,12,0
3948283,Stephen Carlson,2018,10,0
4039050,Devin Duvernay,2016,10,0
4039050,Devin Duvernay,2017,8,0
4039050,Devin Duvernay,2018,13,1
4039050,Devin Duvernay,2019,12,1
4037457,Travis Homer,2016,2,0
4037457,Travis Homer,2017,12,1
4037457,Travis Homer,2018,12,1
4379769,Qadir Ismail,2018,2,0
4379769,Qadir Ismail,2021,6,0
4379769,Qadir Ismail,2022,3,0
4379769,Qadir Ismail,2023,6,0
4258595,Cole Kmet,2017,1,0
4258595,Cole Kmet,2018,8,1
4258595,Cole Kmet,2019,9,1
4723086,Colston Loveland,2022,8,1
4723086,Colston Loveland,2023,13,2
4723086,Colston Loveland,2024,10,0
4608686,Kyle Monangai,2021,11,0
4608686,Kyle Monangai,2022,12,0
4608686,Kyle Monangai,2023,12,1
4608686,Kyle Monangai,2024,11,0
3915416,DJ Moore,2015,11,0
3915416,DJ Moore,2016,12,1
3915416,DJ Moore,2017,12,0
4431299,Rome Odunze,2020,2,0
4431299,Rome Odunze,2021,9,0
4431299,Rome Odunze,2022,11,1
4431299,Rome Odunze,2023,13,2
4685183,JP Richardson,2021,5,1
4685183,JP Richardson,2022,12,1
4685183,JP Richardson,2023,12,0
4685183,JP Richardson,2024,12,1
4259545,D'Andre Swift,2017,13,2
4259545,D'Andre Swift,2018,13,1
4259545,D'Andre Swift,2019,13,1
5160110,Jahdae Walker,2023,8,1
5160110,Jahdae Walker,2024,9,1
4431611,Caleb Williams,2021,10,1
4431611,Caleb Williams,2022,13,1
4431611,Caleb Williams,2023,12,0
3917914,Olamide Zaccheaus,2015,11,0
3917914,Olamide Zaccheaus,2016,12,0
3917914,Olamide Zaccheaus,2017,12,1
3917914,Olamide Zaccheaus,2018,12,1
4575667,Deion Hankins,2019,2,0
4575667,Deion Hankins,2020,7,0
4575667,Deion Hankins,2021,9,1
4575667,Deion Hankins,2022,12,0
4575667,Deion Hankins,2023,12,0
4575667,Deion Hankins,2024,9,1
4426386,Roschon Johnson,2019,12,1
4426386,Roschon Johnson,2020,9,1
4426386,Roschon Johnson,2021,11,0
4426386,Roschon Johnson,2022,12,0
4245645,Gary Brightwell,2017,1,0
4245645,Gary Brightwell,2018,11,0
4245645,Gary Brightwell,2019,10,0
4245645,Gary Brightwell,2020,5,0
4429299,Tahj Brooks,2020,7,0
4429299,Tahj Brooks,2021,8,1
4429299,Tahj Brooks,2022,12,1
4429299,Tahj Brooks,2023,12,1
4429299,Tahj Brooks,2024,11,0
4362238,Chase Brown,2018,12,1
4362238,Chase Brown,2019,1,0
4362238,Chase Brown,2020,8,0
4362238,Chase Brown,2021,10,0
4362238,Chase Brown,2022,12,0
3886812,Jake Browning,2015,11,1
3886812,Jake Browning,2016,13,1
3886812,Jake Browning,2017,12,1
3886812,Jake Browning,2018,13,1
3915511,Joe Burrow,2016,5,0
3915511,Joe Burrow,2017,4,0
3915511,Joe Burrow,2018,12,1
3915511,Joe Burrow,2019,13,2
4362628,Ja'Marr Chase,2018,9,1
4362628,Ja'Marr Chase,2019,12,2
4259592,Sean Clifford,2018,3,1
4259592,Sean Clifford,2019,11,1
4259592,Sean Clifford,2020,9,0
4259592,Sean Clifford,2021,12,1
4259592,Sean Clifford,2022,12,1
4036131,Noah Fant,2016,6,0
4036131,Noah Fant,2017,10,1
4036131,Noah Fant,2018,12,0
3116164,Mike Gesicki,2014,8,0
3116164,Mike Gesicki,2015,8,0
3116164,Mike Gesicki,2016,13,1
3116164,Mike Gesicki,2017,12,1
4700712,Cam Grandy,2023,11,0
4239993,Tee Higgins,2017,7,0
4239993,Tee Higgins,2018,13,2
4239993,Tee Higgins,2019,13,2
4368003,Andrei Iosivas,2019,8,0
4368003,Andrei Iosivas,2021,10,0
4368003,Andrei Iosivas,2022,10,0
4385430,Xavier Johnson,2020,1,0
4385430,Xavier Johnson,2022,5,1
4385430,Xavier Johnson,2023,11,1
4257188,Charlie Jones,2018,11,0
4257188,Charlie Jones,2020,1,0
4257188,Charlie Jones,2021,13,0
4257188,Charlie Jones,2022,13,0
4384852,Dohnte Meyers,2018,8,0
4384852,Dohnte Meyers,2019,11,0
4429012,Kendall Milton,2020,6,1
4429012,Kendall Milton,2021,6,1
4429012,Kendall Milton,2022,11,2
4429012,Kendall Milton,2023,11,1
4594444,Jordan Moore,2021,10,0
4594444,Jordan Moore,2022,12,1
4594444,Jordan Moore,2023,12,1
4594444,Jordan Moore,2024,12,1
3116389,Samaje Perine,2014,12,1
3116389,Samaje Perine,2015,12,1
3116389,Samaje Perine,2016,9,1
4035776,Kendric Pryor,2017,8,1
4035776,Kendric Pryor,2018,11,1
4035776,Kendric Pryor,2019,11,1
4035776,Kendric Pryor,2020,3,0
4035776,Kendric Pryor,2021,11,1
3127310,Drew Sample,2015,4,0
3127310,Drew Sample,2016,7,1
3127310,Drew Sample,2017,4,1
3127310,Drew Sample,2018,10,1
4690070,Mitchell Tinsley,2020,11,1
4690070,Mitchell Tinsley,2021,13,1
4690070,Mitchell Tinsley,2022,12,1
4570738,Ke'Shawn Williams,2020,2,0
4570738,Ke'Shawn Williams,2021,12,1
4570738,Ke'Shawn Williams,2022,11,0
4570738,Ke'Shawn Williams,2023,11,0
4570738,Ke'Shawn Williams,2024,11,1
4427834,Erick All Jr.,2019,1,0
4427834,Erick All Jr.,2020,5,0
4427834,Erick All Jr.,2021,11,1
4427834,Erick All Jr.,2022,3,0
4427834,Erick All Jr.,2023,7,0
4362603,Brenden Bates,2020,1,0
4362603,Brenden Bates,2021,7,1
4362603,Brenden Bates,2022,6,0
4362603,Brenden Bates,2023,4,0
4808839,Isaiah Bond,2022,7,1
4808839,Isaiah Bond,2023,13,1
4808839,Isaiah Bond,2024,12,1
4242536,Sal Cannella,2017,3,0
4242536,Sal Cannella,2018,7,1
4242536,Sal Cannella,2019,7,1
4613104,Malachi Corley,2020,2,1
4613104,Malachi Corley,2021,13,1
4613104,Malachi Corley,2022,13,1
4613104,Malachi Corley,2023,11,1
5083076,Harold Fannin Jr.,2022,9,1
5083076,Harold Fannin Jr.,2023,10,1
5083076,Harold Fannin Jr.,2024,12,1
4566157,Luke Floriea,2020,2,0
4566157,Luke Floriea,2021,5,1
4566157,Luke Floriea,2022,5,0
4566157,Luke Floriea,2023,11,0
4566157,Luke Floriea,2024,12,0
4427238,Dillon Gabriel,2019,12,1
4427238,Dillon Gabriel,2020,9,1
4427238,Dillon Gabriel,2021,3,0
4427238,Dillon Gabriel,2022,11,1
4427238,Dillon Gabriel,2023,12,0
4427238,Dillon Gabriel,2024,13,1
4241463,Jerry Jeudy,2017,7,1
4241463,Jerry Jeudy,2018,13,2
4241463,Jerry Jeudy,2019,12,1
4877203,Gage Larvadain,2021,10,0
4877203,Gage Larvadain,2022,13,0
4877203,Gage Larvadain,2023,9,1
4877203,Gage Larvadain,2024,9,1
4432374,Ahmani Marshall,2020,2,0
4432374,Ahmani Marshall,2021,6,0
4432374,Ahmani Marshall,2022,9,0
4432374,Ahmani Marshall,2023,6,0
4432374,Ahmani Marshall,2024,11,0
3123076,David Njoku,2015,9,1
3123076,David Njoku,2016,11,1
4687509,Caden Prieskorn,2020,1,0
4687509,Caden Prieskorn,2021,3,0
4687509,Caden Prieskorn,2022,12,1
4687509,Caden Prieskorn,2023,7,1
4687509,Caden Prieskorn,2024,11,1
5081397,Dylan Sampson,2022,8,0
5081397,Dylan Sampson,2023,11,1
5081397,Dylan Sampson,2024,12,1
4601080,Raheim Sanders,2021,12,1
4601080,Raheim Sanders,2022,12,1
4601080,Raheim Sanders,2023,6,0
4601080,Raheim Sanders,2024,12,0
4432762,Shedeur Sanders,2021,12,1
4432762,Shedeur Sanders,2022,12,1
4432762,Shedeur Sanders,2023,11,0
4432762,Shedeur Sanders,2024,12,1
4428678,Jamari Thrash,2019,1,0
4428678,Jamari Thrash,2020,5,1
4428678,Jamari Thrash,2021,10,1
4428678,Jamari Thrash,2022,12,0
4428678,Jamari Thrash,2023,12,0
4369863,Cedric Tillman,2018,1,0
4369863,Cedric Tillman,2019,3,0
4369863,Cedric Tillman,2020,2,0
4369863,Cedric Tillman,2021,11,1
4369863,Cedric Tillman,2022,6,0
4362018,Blake Whiteheart,2020,4,0
4362018,Blake Whiteheart,2021,8,1
4362018,Blake Whiteheart,2022,10,1
4035222,Trayveon Williams,2016,12,1
4035222,Trayveon Williams,2017,10,1
4035222,Trayveon Williams,2018,12,1
4576845,Isaiah Wooden,2020,2,0
4576845,Isaiah Wooden,2022,10,0
4576845,Isaiah Wooden,2023,11,0
4372019,Jerome Ford,2018,3,0
4372019,Jerome Ford,2019,4,0
4372019,Jerome Ford,2020,9,1
4372019,Jerome Ford,2021,12,1
4685702,Quinshon Judkins,2022,12,1
4685702,Quinshon Judkins,2023,12,1
4685702,Quinshon Judkins,2024,12,4
3122840,Deshaun Watson,2014,7,0
3122840,Deshaun Watson,2015,13,2
3122840,Deshaun Watson,2016,13,2
4429202,Israel Abanikanda,2020,6,0
4429202,Israel Abanikanda,2021,12,1
4429202,Israel Abanikanda,2022,11,0
4685279,Jaydon Blue,2022,3,0
4685279,Jaydon Blue,2023,10,1
4685279,Jaydon Blue,2024,12,3
3121410,Parris Campbell,2016,8,0
3121410,Parris Campbell,2017,12,1
3121410,Parris Campbell,2018,13,1
4242355,Jake Ferguson,2018,12,1
4242355,Jake Ferguson,2019,13,1
4242355,Jake Ferguson,2020,6,1
4242355,Jake Ferguson,2021,12,1
5083754,Ryan Flournoy,2022,11,0
5083754,Ryan Flournoy,2023,9,0
4429172,Traeshon Holden,2021,9,1
4429172,Traeshon Holden,2022,10,0
4429172,Traeshon Holden,2023,12,1
4429172,Traeshon Holden,2024,12,1
4241389,CeeDee Lamb,2017,12,1
4241389,CeeDee Lamb,2018,13,1
4241389,CeeDee Lamb,2019,12,1
4383396,Hunter Luepke,2019,9,1
4383396,Hunter Luepke,2020,3,0
4383396,Hunter Luepke,2021,10,2
4383396,Hunter Luepke,2022,10,0
4431562,Phil Mafah,2021,8,1
4431562,Phil Mafah,2022,13,1
4431562,Phil Mafah,2023,12,1
4431562,Phil Mafah,2024,13,1
4360698,Joe Milton III,2018,3,1
4360698,Joe Milton III,2019,3,0
4360698,Joe Milton III,2020,6,0
4360698,Joe Milton III,2021,8,0
4360698,Joe Milton III,2022,7,1
4360698,Joe Milton III,2023,12,0
4426485,Jonathan Mingo,2019,6,0
4426485,Jonathan Mingo,2020,7,1
4426485,Jonathan Mingo,2021,5,1
4426485,Jonathan Mingo,2022,11,1
4426354,George Pickens,2019,11,1
4426354,George Pickens,2020,7,1
4426354,George Pickens,2021,2,2
4372096,Luke Schoonmaker,2019,2,0
4372096,Luke Schoonmaker,2021,9,0
4372096,Luke Schoonmaker,2022,10,1
4360967,Brevyn Spann-Ford,2019,3,1
4360967,Brevyn Spann-Ford,2020,1,0
4360967,Brevyn Spann-Ford,2021,10,0
4360967,Brevyn Spann-Ford,2022,12,1
4360967,Brevyn Spann-Ford,2023,10,0
4249417,Jalen Tolbert,2018,5,0
4249417,Jalen Tolbert,2019,12,0
4249417,Jalen Tolbert,2020,11,0
4249417,Jalen Tolbert,2021,12,0
3676833,KaVontae Turpin,2015,12,1
3676833,KaVontae Turpin,2016,7,1
3676833,KaVontae Turpin,2017,12,1
3676833,KaVontae Turpin,2018,7,0
4361579,Javonte Williams,2018,6,0
4361579,Javonte Williams,2019,12,1
4361579,Javonte Williams,2020,11,0
4240603,Malik Davis,2017,7,0
4240603,Malik Davis,2018,3,0
4240603,Malik Davis,2019,10,1
4240603,Malik Davis,2020,11,1
4240603,Malik Davis,2021,11,1
4045163,Miles Sanders,2016,9,0
4045163,Miles Sanders,2017,9,1
4045163,Miles Sanders,2018,12,1
4383440,Nate Adkins,2018,5,0
4383440,Nate Adkins,2019,10,0
4383440,Nate Adkins,2020,5,0
4383440,Nate Adkins,2021,11,0
4383440,Nate Adkins,2022,5,1
4362748,Tyler Badie,2018,11,1
4362748,Tyler Badie,2019,12,0
4362748,Tyler Badie,2020,10,0
4362748,Tyler Badie,2021,12,0
4034704,Michael Bandy,2018,12,0
4034704,Michael Bandy,2019,12,0
4600981,Pat Bryant,2021,4,0
4600981,Pat Bryant,2022,9,0
4600981,Pat Bryant,2023,12,0
4600981,Pat Bryant,2024,12,0
4241820,Sam Ehlinger,2017,8,1
4241820,Sam Ehlinger,2018,13,1
4241820,Sam Ehlinger,2019,12,1
4241820,Sam Ehlinger,2020,9,1
4431280,Troy Franklin,2021,8,1
4431280,Troy Franklin,2022,12,1
4431280,Troy Franklin,2023,13,0
4568490,RJ Harvey,2020,2,0
4568490,RJ Harvey,2022,11,1
4568490,RJ Harvey,2023,12,1
4568490,RJ Harvey,2024,12,0
4039057,Lil'Jordan Humphrey,2016,2,0
4039057,Lil'Jordan Humphrey,2017,11,0
4039057,Lil'Jordan Humphrey,2018,13,1
4432208,Caleb Lohner,2024,4,0
4722893,Jaleel McLaughlin,2020,7,0
4722893,Jaleel McLaughlin,2021,10,0
4722893,Jaleel McLaughlin,2022,11,0
4686472,Marvin Mims Jr.,2020,10,1
4686472,Marvin Mims Jr.,2021,12,1
4686472,Marvin Mims Jr.,2022,12,1
4391845,Cody Schrader,2022,12,1
4391845,Cody Schrader,2023,12,1
3892775,Jarrett Stidham,2015,10,0
3892775,Jarrett Stidham,2017,13,1
3892775,Jarrett Stidham,2018,12,1
3128429,Courtland Sutton,2014,1,0
3128429,Courtland Sutton,2015,12,0
3128429,Courtland Sutton,2016,12,0
3128429,Courtland Sutton,2017,11,1
3911853,Adam Trautman,2018,10,0
3911853,Adam Trautman,2019,11,0
4431453,Deuce Vaughn,2020,10,0
4431453,Deuce Vaughn,2021,12,1
4431453,Deuce Vaughn,2022,13,1
4241985,J.K. Dobbins,2017,13,1
4241985,J.K. Dobbins,2018,13,1
4241985,J.K. Dobbins,2019,13,1
4360231,Lucas Krull,2018,5,0
4360231,Lucas Krull,2019,2,0
4360231,Lucas Krull,2020,1,0
4360231,Lucas Krull,2021,12,1
4426338,Bo Nix,2019,2,0
4426338,Bo Nix,2020,2,0
4426338,Bo Nix,2021,6,0
4426338,Bo Nix,2022,12,1
4426338,Bo Nix,2023,13,1
4240069,Malik Cunningham,2018,10,0
4240069,Malik Cunningham,2019,11,1
4240069,Malik Cunningham,2020,11,0
4240069,Malik Cunningham,2021,12,1
4240069,Malik Cunningham,2022,10,0
4429795,Jahmyr Gibbs,2020,7,0
4429795,Jahmyr Gibbs,2021,12,0
4429795,Jahmyr Gibbs,2022,11,1
4569615,Thomas Gordon,2021,2,0
4569615,Thomas Gordon,2022,5,0
4569615,Thomas Gordon,2023,7,1
4569615,Thomas Gordon,2024,12,0
4877824,Zach Horton,2022,6,0
4877824,Zach Horton,2023,9,1
4877824,Zach Horton,2024,9,1
3116136,Justin Jackson,2014,12,0
3116136,Justin Jackson,2015,12,1
3116136,Justin Jackson,2016,12,1
3116136,Justin Jackson,2017,12,1
3126997,Tom Kennedy,2018,7,0
4596439,Dominic Lovett,2021,9,1
4596439,Dominic Lovett,2022,12,0
4596439,Dominic Lovett,2023,13,1
4596439,Dominic Lovett,2024,13,1
4602788,Jackson Meeks,2021,3,0
4602788,Jackson Meeks,2022,3,0
4602788,Jackson Meeks,2023,1,0
4602788,Jackson Meeks,2024,12,1
4035538,David Montgomery,2016,12,0
4035538,David Montgomery,2017,11,1
4035538,David Montgomery,2018,11,1
4383429,Jacob Saylors,2018,11,0
4383429,Jacob Saylors,2019,11,0
4383429,Jacob Saylors,2020,5,0
4383429,Jacob Saylors,2021,12,0
4383429,Jacob Saylors,2022,11,0
4432545,Jabari Small,2020,6,0
4432545,Jabari Small,2021,10,1
4432545,Jabari Small,2022,12,1
4432545,Jabari Small,2023,11,0
4374302,Amon-Ra St. Brown,2018,11,0
4374302,Amon-Ra St. Brown,2019,12,1
4374302,Amon-Ra St. Brown,2020,6,0
5123663,Isaac TeSlaa,2023,12,0
5123663,Isaac TeSlaa,2024,9,1
4912274,Sione Vaki,2023,12,0
4426388,Jameson Williams,2019,2,0
4426388,Jameson Williams,2020,4,2
4426388,Jameson Williams,2021,13,2
4430027,Sam LaPorta,2019,5,1
4430027,Sam LaPorta,2020,8,0
4430027,Sam LaPorta,2021,12,1
4430027,Sam LaPorta,2022,11,1
4880638,Kye Robichaux,2021,12,1
4880638,Kye Robichaux,2022,8,0
4880638,Kye Robichaux,2023,10,1
4880638,Kye Robichaux,2024,11,1
4242392,Brock Wright,2018,2,0
4242392,Brock Wright,2019,2,0
4242392,Brock Wright,2020,2,0
3149687,Chris Brooks,2022,10,1
4372741,McCallan Castles,2018,2,1
4372741,McCallan Castles,2020,5,0
4372741,McCallan Castles,2021,11,0
4372741,McCallan Castles,2022,11,0
4372741,McCallan Castles,2023,11,1
4429466,Drake Dabney,2020,2,0
4429466,Drake Dabney,2021,7,1
4429466,Drake Dabney,2022,8,0
4429466,Drake Dabney,2023,12,0
4429466,Drake Dabney,2024,8,1
4361432,Romeo Doubs,2018,11,0
4361432,Romeo Doubs,2019,10,0
4361432,Romeo Doubs,2020,8,1
4361432,Romeo Doubs,2021,11,0
4701936,Matthew Golden,2022,10,1
4701936,Matthew Golden,2023,9,0
4701936,Matthew Golden,2024,13,3
4047365,Josh Jacobs,2016,12,2
4047365,Josh Jacobs,2017,9,2
4047365,Josh Jacobs,2018,13,2
5178972,Jakobie Keeney-James,2023,3,0
5178972,Jakobie Keeney-James,2024,12,0
4036378,Jordan Love,2017,11,1
4036378,Jordan Love,2018,12,1
4036378,Jordan Love,2019,12,1
4808830,Damien Martinez,2022,12,1
4808830,Damien Martinez,2023,12,0
4808830,Damien Martinez,2024,12,1
4433971,Kyle McCord,2021,5,0
4433971,Kyle McCord,2022,7,0
4433971,Kyle McCord,2023,12,0
4433971,Kyle McCord,2024,12,1
4428085,Luke Musgrave,2019,1,0
4428085,Luke Musgrave,2020,6,0
4428085,Luke Musgrave,2021,8,1
4428085,Luke Musgrave,2022,2,0
4428116,Isaiah Neyor,2020,4,0
4428116,Isaiah Neyor,2021,12,1
4428116,Isaiah Neyor,2023,1,0
4428116,Isaiah Neyor,2024,11,0
4362249,Jayden Reed,2018,12,0
4362249,Jayden Reed,2020,7,0
4362249,Jayden Reed,2021,12,1
4362249,Jayden Reed,2022,11,0
4239086,Desmond Ridder,2018,12,1
4239086,Desmond Ridder,2019,12,1
4239086,Desmond Ridder,2020,9,1
4239086,Desmond Ridder,2021,13,1
4608679,Will Sheppard,2020,2,0
4608679,Will Sheppard,2021,10,0
4608679,Will Sheppard,2022,12,0
4608679,Will Sheppard,2023,12,0
4608679,Will Sheppard,2024,12,1
4249836,Pierre Strong Jr.,2018,11,1
4249836,Pierre Strong Jr.,2019,11,0
4249836,Pierre Strong Jr.,2020,5,0
4249836,Pierre Strong Jr.,2021,14,1
4362770,Messiah Swinson,2020,2,0
4362770,Messiah Swinson,2021,4,0
4362770,Messiah Swinson,2022,8,0
4362770,Messiah Swinson,2023,5,0
4248528,Christian Watson,2018,7,1
4248528,Christian Watson,2019,14,2
4248528,Christian Watson,2020,7,0
4248528,Christian Watson,2021,10,1
4360086,Josh Whyle,2019,2,0
4360086,Josh Whyle,2020,9,1
4360086,Josh Whyle,2021,11,1
4360086,Josh Whyle,2022,11,0
4428850,Dontayvion Wicks,2019,2,0
4428850,Dontayvion Wicks,2021,12,0
4428850,Dontayvion Wicks,2022,8,0
4242512,Malik Willis,2017,7,0
4242512,Malik Willis,2018,5,1
4242512,Malik Willis,2020,9,1
4242512,Malik Willis,2021,12,1
4379401,John FitzPatrick,2019,1,0
4379401,John FitzPatrick,2020,5,1
4379401,John FitzPatrick,2021,6,0
4572680,Tucker Kraft,2020,2,0
4572680,Tucker Kraft,2021,14,1
4572680,Tucker Kraft,2022,5,2
4429023,MarShawn Lloyd,2021,11,0
4429023,MarShawn Lloyd,2022,9,0
4429023,MarShawn Lloyd,2023,11,0
4431487,Savion Williams,2020,1,0
4431487,Savion Williams,2021,3,0
4431487,Savion Williams,2022,12,0
4431487,Savion Williams,2023,11,0
4431487,Savion Williams,2024,12,0
3123075,Braxton Berrios,2014,8,1
3123075,Braxton Berrios,2015,8,1
3123075,Braxton Berrios,2016,7,1
3123075,Braxton Berrios,2017,12,1
4373273,British Brooks,2018,1,0
4373273,British Brooks,2019,1,0
4373273,British Brooks,2020,4,1
4373273,British Brooks,2021,3,1
4373273,British Brooks,2023,11,1
4040774,Harrison Bryant,2016,5,0
4040774,Harrison Bryant,2017,10,0
4040774,Harrison Bryant,2018,12,0
4040774,Harrison Bryant,2019,13,0
3128720,Nick Chubb,2014,12,1
3128720,Nick Chubb,2015,6,0
3128720,Nick Chubb,2016,12,1
3128720,Nick Chubb,2017,13,2
4258173,Nico Collins,2017,1,1
4258173,Nico Collins,2018,12,1
4258173,Nico Collins,2019,11,1
4877706,Jayden Higgins,2021,9,0
4877706,Jayden Higgins,2022,12,0
4877706,Jayden Higgins,2023,12,1
4877706,Jayden Higgins,2024,13,0
4686422,Xavier Hutchinson,2020,11,1
4686422,Xavier Hutchinson,2021,12,1
4686422,Xavier Hutchinson,2022,12,0
4429939,Jawhar Jordan,2019,4,0
4429939,Jawhar Jordan,2020,3,0
4429939,Jawhar Jordan,2021,2,1
4429939,Jawhar Jordan,2022,12,1
4429939,Jawhar Jordan,2023,13,0
4575558,Josh Kelly,2019,1,0
4575558,Josh Kelly,2020,6,0
4575558,Josh Kelly,2021,12,1
4575558,Josh Kelly,2022,4,0
4575558,Josh Kelly,2023,12,0
4575558,Josh Kelly,2024,12,0
3895856,Christian Kirk,2015,12,1
3895856,Christian Kirk,2016,12,1
3895856,Christian Kirk,2017,10,1
4432338,Luke Lachey,2021,5,1
4432338,Luke Lachey,2022,11,1
4432338,Luke Lachey,2023,2,0
4432338,Luke Lachey,2024,9,1
4429059,Woody Marks,2020,10,1
4429059,Woody Marks,2021,12,1
4429059,Woody Marks,2022,11,1
4429059,Woody Marks,2023,9,0
4429059,Woody Marks,2024,12,0
4426335,Graham Mertz,2019,2,0
4426335,Graham Mertz,2020,6,1
4426335,Graham Mertz,2021,12,1
4426335,Graham Mertz,2022,12,0
4426335,Graham Mertz,2023,11,0
4426335,Graham Mertz,2024,5,0
4242546,Davis Mills,2018,1,0
4242546,Davis Mills,2019,8,0
4242546,Davis Mills,2020,5,0
4586312,Jaylin Noel,2021,10,1
4586312,Jaylin Noel,2022,12,0
4586312,Jaylin Noel,2023,11,1
4586312,Jaylin Noel,2024,13,1
4878842,Layne Pryor,2022,6,0
4878842,Layne Pryor,2023,6,0
4878842,Layne Pryor,2024,11,0
3117256,Dalton Schultz,2015,7,0
3117256,Dalton Schultz,2016,11,1
3117256,Dalton Schultz,2017,10,1
4426496,Cade Stover,2021,5,0
4426496,Cade Stover,2022,12,1
4426496,Cade Stover,2023,9,0
4432577,C.J. Stroud,2020,1,0
4432577,C.J. Stroud,2021,11,1
4432577,C.J. Stroud,2022,12,1
4430681,Jared Wayne,2019,4,1
4430681,Jared Wayne,2020,6,0
4430681,Jared Wayne,2021,12,1
4430681,Jared Wayne,2022,11,1
4366031,Tank Dell,2018,4,0
4366031,Tank Dell,2020,7,1
4366031,Tank Dell,2021,13,1
4366031,Tank Dell,2022,12,1
4362504,Brevin Jordan,2018,8,1
4362504,Brevin Jordan,2019,9,0
4362504,Brevin Jordan,2020,7,1
3116385,Joe Mixon,2015,12,1
3116385,Joe Mixon,2016,11,1
4426689,Ulysses Bentley IV,2019,3,1
4426689,Ulysses Bentley IV,2020,10,0
4426689,Ulysses Bentley IV,2021,10,0
4426689,Ulysses Bentley IV,2022,5,0
4426689,Ulysses Bentley IV,2023,12,1
4426689,Ulysses Bentley IV,2024,9,1
4688813,Josh Downs,2020,3,1
4688813,Josh Downs,2021,12,1
4688813,Josh Downs,2022,11,0
4874509,DJ Giddens,2022,12,1
4874509,DJ Giddens,2023,12,1
4874509,DJ Giddens,2024,12,0
4429676,Tyler Goodson,2019,12,1
4429676,Tyler Goodson,2020,8,0
4429676,Tyler Goodson,2021,13,0
4606194,Seth Henigan,2021,11,0
4606194,Seth Henigan,2022,12,1
4606194,Seth Henigan,2023,12,1
4606194,Seth Henigan,2024,12,1
4683423,Riley Leonard,2021,6,0
4683423,Riley Leonard,2022,12,1
4683423,Riley Leonard,2023,7,0
4683423,Riley Leonard,2024,12,4
4362523,Will Mallory,2018,3,0
4362523,Will Mallory,2019,5,1
4362523,Will Mallory,2020,9,1
4362523,Will Mallory,2021,11,0
4362523,Will Mallory,2022,10,0
4036275,Sean McKeon,2016,1,0
4036275,Sean McKeon,2017,11,1
4036275,Sean McKeon,2018,7,0
4036275,Sean McKeon,2019,7,0
4578436,Coleman Owen,2019,1,0
4578436,Coleman Owen,2020,5,0
4578436,Coleman Owen,2021,10,0
4578436,Coleman Owen,2022,9,0
4578436,Coleman Owen,2023,11,0
4578436,Coleman Owen,2024,13,1
4430288,Eli Pancol,2019,6,0
4430288,Eli Pancol,2020,9,0
4430288,Eli Pancol,2021,9,0
4430288,Eli Pancol,2022,8,1
4430288,Eli Pancol,2024,12,1
4360078,Alec Pierce,2019,11,1
4360078,Alec Pierce,2020,5,1
4360078,Alec Pierce,2021,13,1
4035687,Michael Pittman Jr.,2016,2,0
4035687,Michael Pittman Jr.,2017,7,1
4035687,Michael Pittman Jr.,2018,10,0
4035687,Michael Pittman Jr.,2019,12,1
4242335,Jonathan Taylor,2017,13,1
4242335,Jonathan Taylor,2018,12,1
4242335,Jonathan Taylor,2019,13,1
4431459,Tyler Warren,2021,7,1
4431459,Tyler Warren,2022,6,1
4431459,Tyler Warren,2023,12,1
4431459,Tyler Warren,2024,13,3
4243315,Salvon Ahmed,2017,12,1
4243315,Salvon Ahmed,2018,13,1
4243315,Salvon Ahmed,2019,11,1
4429684,Anthony Gould,2021,7,1
4429684,Anthony Gould,2022,10,0
4429684,Anthony Gould,2023,11,0
3917792,Daniel Jones,2016,11,0
3917792,Daniel Jones,2017,12,1
3917792,Daniel Jones,2018,10,1
4249030,D.J. Montgomery,2018,11,0
4722908,Drew Ogletree,2020,5,0
4722908,Drew Ogletree,2021,10,0
4429084,Anthony Richardson Sr.,2020,2,1
4429084,Anthony Richardson Sr.,2021,7,0
4429084,Anthony Richardson Sr.,2022,12,0
4911851,LeQuint Allen Jr.,2022,8,1
4911851,LeQuint Allen Jr.,2023,12,1
4911851,LeQuint Allen Jr.,2024,12,1
4362260,Carter Bradley,2018,3,0
4362260,Carter Bradley,2019,6,0
4362260,Carter Bradley,2020,4,0
4362260,Carter Bradley,2021,8,0
4362260,Carter Bradley,2022,12,1
4362260,Carter Bradley,2023,11,0
4573243,Chandler Brayboy,2019,2,0
4573243,Chandler Brayboy,2020,5,0
4573243,Chandler Brayboy,2021,11,0
4573243,Chandler Brayboy,2022,12,0
4573243,Chandler Brayboy,2023,11,0
4573243,Chandler Brayboy,2024,11,0
4361577,Dyami Brown,2018,9,0
4361577,Dyami Brown,2019,11,1
4361577,Dyami Brown,2020,11,0
4240631,DeeJay Dallas,2017,7,1
4240631,DeeJay Dallas,2018,12,1
4240631,DeeJay Dallas,2019,10,0
4239996,Travis Etienne Jr.,2017,12,1
4239996,Travis Etienne Jr.,2018,13,2
4239996,Travis Etienne Jr.,2019,13,2
4239996,Travis Etienne Jr.,2020,11,1
4429811,Patrick Herbert,2022,4,1
4429811,Patrick Herbert,2023,9,1
4429811,Patrick Herbert,2024,6,0
4690972,Ja'Quinden Jackson,2021,3,0
4690972,Ja'Quinden Jackson,2022,9,1
4690972,Ja'Quinden Jackson,2023,11,1
4690972,Ja'Quinden Jackson,2024,10,0
4245131,Tim Jones,2017,3,0
4245131,Tim Jones,2018,11,0
4245131,Tim Jones,2019,12,1
4245131,Tim Jones,2020,6,0
4360310,Trevor Lawrence,2018,13,2
4360310,Trevor Lawrence,2019,13,2
4360310,Trevor Lawrence,2020,9,1
4239944,Hunter Long,2018,4,0
4239944,Hunter Long,2019,10,1
4239944,Hunter Long,2020,11,0
3916433,Jakobi Meyers,2016,7,0
3916433,Jakobi Meyers,2017,11,1
3916433,Jakobi Meyers,2018,11,1
4244049,Quintin Morris,2017,7,0
4244049,Quintin Morris,2018,12,0
4244049,Quintin Morris,2019,12,0
4244049,Quintin Morris,2020,5,0
3134353,Tim Patrick,2014,8,0
3134353,Tim Patrick,2016,9,1
4430539,Brenton Strange,2019,1,0
4430539,Brenton Strange,2020,7,0
4430539,Brenton Strange,2021,9,1
4430539,Brenton Strange,2022,12,0
4432773,Brian Thomas Jr.,2021,10,1
4432773,Brian Thomas Jr.,2022,10,1
4432773,Brian Thomas Jr.,2023,12,1
4244856,Austin Trammell,2017,7,0
4244856,Austin Trammell,2018,13,0
4244856,Austin Trammell,2019,12,0
4244856,Austin Trammell,2020,3,0
4882093,Bhayshul Tuten,2021,10,0
4882093,Bhayshul Tuten,2022,11,0
4882093,Bhayshul Tuten,2023,12,1
4882093,Bhayshul Tuten,2024,11,0
4432620,Parker Washington,2020,9,0
4432620,Parker Washington,2021,12,1
4432620,Parker Washington,2022,10,0
4426893,Joshua Cephus,2019,4,0
4426893,Joshua Cephus,2020,11,1
4426893,Joshua Cephus,2021,13,1
4426893,Joshua Cephus,2022,13,0
4426893,Joshua Cephus,2023,12,1
4685415,Travis Hunter,2022,6,1
4685415,Travis Hunter,2023,9,0
4685415,Travis Hunter,2024,12,1
5093923,Andrew Armstrong,2022,11,0
5093923,Andrew Armstrong,2023,12,0
5093923,Andrew Armstrong,2024,11,0
4241372,Hollywood Brown,2017,12,1
4241372,Hollywood Brown,2018,12,0
4689988,Jason Brownlee,2020,9,0
4689988,Jason Brownlee,2021,11,0
4689988,Jason Brownlee,2022,12,1
4240472,Noah Gray,2017,3,0
4240472,Noah Gray,2018,8,1
4240472,Noah Gray,2019,12,0
4240472,Noah Gray,2020,10,0
4243322,Jake Haener,2018,3,0
4243322,Jake Haener,2020,6,0
4243322,Jake Haener,2021,12,1
4243322,Jake Haener,2022,9,1
4431142,Jimmy Holiday,2020,1,0
4431142,Jimmy Holiday,2021,1,0
4431142,Jimmy Holiday,2022,3,0
4431142,Jimmy Holiday,2023,8,1
4431142,Jimmy Holiday,2024,12,1
4044111,Chris Oladokun,2017,2,0
4044111,Chris Oladokun,2018,4,1
4044111,Chris Oladokun,2021,14,1
4361529,Isiah Pacheco,2018,11,0
4361529,Isiah Pacheco,2019,11,0
4361529,Isiah Pacheco,2020,9,0
4361529,Isiah Pacheco,2021,12,0
4360238,Dameon Pierce,2018,10,1
4360238,Dameon Pierce,2019,11,1
4360238,Dameon Pierce,2020,11,1
4360238,Dameon Pierce,2021,12,1
4876907,ShunDerrick Powell,2021,9,0
4876907,ShunDerrick Powell,2022,11,0
4876907,ShunDerrick Powell,2023,11,0
4876907,ShunDerrick Powell,2024,11,0
5082630,Jalen Royals,2023,12,1
5082630,Jalen Royals,2024,7,0
4596602,Brashard Smith,2021,9,0
4596602,Brashard Smith,2022,10,0
4596602,Brashard Smith,2023,9,0
4596602,Brashard Smith,2024,13,1
3120348,JuJu Smith-Schuster,2014,12,1
3120348,JuJu Smith-Schuster,2015,13,1
3120348,JuJu Smith-Schuster,2016,12,1
4685784,Tre Watson,2021,4,1
4685784,Tre Watson,2022,4,0
4685784,Tre Watson,2023,11,1
4685784,Tre Watson,2024,10,1
4430723,Jared Wiley,2019,1,0
4430723,Jared Wiley,2020,6,0
4430723,Jared Wiley,2021,5,0
4430723,Jared Wiley,2022,9,2
4430723,Jared Wiley,2023,12,0
4683062,Xavier Worthy,2021,12,0
4683062,Xavier Worthy,2022,12,1
4683062,Xavier Worthy,2023,13,1
4431196,Jake Briningstool,2021,2,0
4431196,Jake Briningstool,2022,10,1
4431196,Jake Briningstool,2023,12,1
4431196,Jake Briningstool,2024,12,1
4362087,Keaontay Ingram,2018,12,1
4362087,Keaontay Ingram,2019,12,1
4362087,Keaontay Ingram,2020,6,0
4362087,Keaontay Ingram,2021,10,0
3139477,Patrick Mahomes,2014,6,0
3139477,Patrick Mahomes,2015,12,1
3139477,Patrick Mahomes,2016,12,0
4038524,Gardner Minshew,2016,7,0
4038524,Gardner Minshew,2017,10,0
4038524,Gardner Minshew,2018,12,1
4372716,Nikko Remigio,2018,6,1
4372716,Nikko Remigio,2019,9,1
4372716,Nikko Remigio,2020,4,0
4372716,Nikko Remigio,2021,11,0
4372716,Nikko Remigio,2022,13,1
4428331,Rashee Rice,2019,7,1
4428331,Rashee Rice,2020,10,0
4428331,Rashee Rice,2021,12,0
4428331,Rashee Rice,2022,12,0
4362921,Tyquan Thornton,2018,9,1
4362921,Tyquan Thornton,2019,12,1
4362921,Tyquan Thornton,2020,4,0
4362921,Tyquan Thornton,2021,13,1
3919510,Alex Bachman,2015,1,0
3919510,Alex Bachman,2016,10,1
3919510,Alex Bachman,2017,6,1
3919510,Alex Bachman,2018,10,1
4603186,Jack Bech,2021,12,0
4603186,Jack Bech,2022,8,0
4603186,Jack Bech,2023,8,0
4603186,Jack Bech,2024,12,0
4698191,Chris Collier,2020,2,0
4698191,Chris Collier,2021,6,0
4698191,Chris Collier,2022,3,0
4361332,Shedrick Jackson,2018,2,0
4361332,Shedrick Jackson,2019,2,0
4361332,Shedrick Jackson,2020,3,1
4361332,Shedrick Jackson,2021,12,1
4361332,Shedrick Jackson,2022,7,0
4890973,Ashton Jeanty,2022,13,1
4890973,Ashton Jeanty,2023,11,1
4890973,Ashton Jeanty,2024,13,1
4366963,Dylan Laube,2019,9,0
4366963,Dylan Laube,2020,1,0
4366963,Dylan Laube,2021,9,0
4366963,Dylan Laube,2022,12,0
4366963,Dylan Laube,2023,10,0
4429086,Michael Mayer,2020,11,1
4429086,Michael Mayer,2021,11,1
4429086,Michael Mayer,2022,12,0
4260394,Aidan O'Connell,2019,6,0
4260394,Aidan O'Connell,2020,3,0
4260394,Aidan O'Connell,2021,11,1
4260394,Aidan O'Connell,2022,12,0
4035115,Albert Okwuegbunam Jr.,2017,8,1
4035115,Albert Okwuegbunam Jr.,2018,9,0
4035115,Albert Okwuegbunam Jr.,2019,9,0
4240703,Kenny Pickett,2017,4,0
4240703,Kenny Pickett,2018,13,1
4240703,Kenny Pickett,2019,11,1
4240703,Kenny Pickett,2020,9,0
4240703,Kenny Pickett,2021,13,0
4686781,Brenden Rice,2020,4,0
4686781,Brenden Rice,2021,9,0
4686781,Brenden Rice,2022,13,1
4686781,Brenden Rice,2023,12,0
5155825,Carter Runyon,2023,9,0
5155825,Carter Runyon,2024,11,0
4361426,Justin Shorter,2018,2,1
4361426,Justin Shorter,2019,7,0
4361426,Justin Shorter,2020,10,1
4361426,Justin Shorter,2021,11,1
4361426,Justin Shorter,2022,9,0
4045305,Ian Thomas,2016,1,1
4045305,Ian Thomas,2017,9,0
4432775,Dont'e Thornton Jr.,2021,3,1
4432775,Dont'e Thornton Jr.,2022,9,0
4432775,Dont'e Thornton Jr.,2023,6,0
4432775,Dont'e Thornton Jr.,2024,10,1
4428718,Tre Tucker,2019,9,1
4428718,Tre Tucker,2020,9,1
4428718,Tre Tucker,2021,13,1
4428718,Tre Tucker,2022,11,0
4361777,Zamir White,2019,11,1
4361777,Zamir White,2020,9,1
4361777,Zamir White,2021,13,2
4432665,Brock Bowers,2021,12,2
4432665,Brock Bowers,2022,13,2
4432665,Brock Bowers,2023,10,0
4569372,Dalevon Campbell,2020,2,0
4569372,Dalevon Campbell,2021,2,0
4569372,Dalevon Campbell,2022,11,0
4569372,Dalevon Campbell,2023,12,0
4569372,Dalevon Campbell,2024,6,1
3915486,Tyler Conklin,2015,4,0
3915486,Tyler Conklin,2016,11,1
3915486,Tyler Conklin,2017,7,1
4362477,Derius Davis,2018,6,1
4362477,Derius Davis,2019,7,0
4362477,Derius Davis,2020,8,0
4362477,Derius Davis,2021,12,0
4362477,Derius Davis,2022,12,2
3127292,Will Dissly,2016,4,0
3127292,Will Dissly,2017,9,1
4242558,Tucker Fisk,2019,4,0
4242558,Tucker Fisk,2020,4,0
4595342,Oronde Gadsden,2021,2,0
4595342,Oronde Gadsden,2022,11,1
4595342,Oronde Gadsden,2023,2,0
4595342,Oronde Gadsden,2024,12,1
4433830,Luke Grimm,2020,5,0
4433830,Luke Grimm,2021,7,0
4433830,Luke Grimm,2022,11,1
4433830,Luke Grimm,2023,11,1
4433830,Luke Grimm,2024,12,0
4685382,Omarion Hampton,2022,11,1
4685382,Omarion Hampton,2023,12,1
4685382,Omarion Hampton,2024,12,0
4686612,Tre' Harris,2020,2,1
4686612,Tre' Harris,2021,11,0
4686612,Tre' Harris,2022,12,0
4686612,Tre' Harris,2023,10,1
4686612,Tre' Harris,2024,8,0
4372071,Hassan Haskins,2019,11,1
4372071,Hassan Haskins,2020,6,0
4372071,Hassan Haskins,2021,13,1
4038941,Justin Herbert,2016,8,0
4038941,Justin Herbert,2017,7,1
4038941,Justin Herbert,2018,12,1
4038941,Justin Herbert,2019,13,1
5160748,JaQuae Jackson,2023,10,0
4878878,Amar Johnson,2021,11,0
4878878,Amar Johnson,2022,12,2
4878878,Amar Johnson,2023,13,2
4878878,Amar Johnson,2024,14,1
4429025,Quentin Johnston,2020,8,0
4429025,Quentin Johnston,2021,8,0
4429025,Quentin Johnston,2022,11,2
4383351,Trey Lance,2018,2,0
4383351,Trey Lance,2019,14,2
4383351,Trey Lance,2020,1,0
4612826,Ladd McConkey,2021,13,2
4612826,Ladd McConkey,2022,13,2
4612826,Ladd McConkey,2023,7,1
4384171,Tanner McLachlan,2019,1,0
4384171,Tanner McLachlan,2020,4,0
4384171,Tanner McLachlan,2022,12,0
4384171,Tanner McLachlan,2023,10,1
4362452,Jaret Patterson,2018,13,1
4362452,Jaret Patterson,2019,12,1
4362452,Jaret Patterson,2020,6,0
4429020,DJ Uiagalelei,2020,9,0
4429020,DJ Uiagalelei,2021,12,1
4429020,DJ Uiagalelei,2022,13,0
4429020,DJ Uiagalelei,2023,12,0
4429020,DJ Uiagalelei,2024,5,0
4430968,Kimani Vidal,2020,9,0
4430968,Kimani Vidal,2021,11,0
4430968,Kimani Vidal,2022,13,1
4430968,Kimani Vidal,2023,13,1
4361027,Thomas Yassmin,2021,1,0
4361027,Thomas Yassmin,2022,8,1
4361027,Thomas Yassmin,2023,3,0
4241457,Najee Harris,2017,8,2
4241457,Najee Harris,2018,13,2
4241457,Najee Harris,2019,12,1
4241457,Najee Harris,2020,11,2
4430870,KeAndre Lambert-Smith,2020,6,0
4430870,KeAndre Lambert-Smith,2021,12,1
4430870,KeAndre Lambert-Smith,2022,9,1
4430870,KeAndre Lambert-Smith,2023,11,0
4430870,KeAndre Lambert-Smith,2024,12,0
4426553,Davis Allen,2019,5,0
4426553,Davis Allen,2020,10,1
4426553,Davis Allen,2021,9,1
4426553,Davis Allen,2022,12,1
4360797,Tutu Atwell,2018,10,0
4360797,Tutu Atwell,2019,12,1
4360797,Tutu Atwell,2020,9,0
4259553,Stetson Bennett IV,2019,4,0
4259553,Stetson Bennett IV,2020,7,1
4259553,Stetson Bennett IV,2021,12,2
4259553,Stetson Bennett IV,2022,13,2
4429096,Blake Corum,2020,6,0
4429096,Blake Corum,2021,11,1
4429096,Blake Corum,2022,12,0
4429096,Blake Corum,2023,13,2
4875786,Tru Edwards,2021,3,0
4875786,Tru Edwards,2023,9,0
4875786,Tru Edwards,2024,11,1
4570037,Terrance Ferguson,2021,10,1
4570037,Terrance Ferguson,2022,12,1
4570037,Terrance Ferguson,2023,12,1
4570037,Terrance Ferguson,2024,11,1
4710341,Jarquez Hunter,2021,12,1
4710341,Jarquez Hunter,2022,12,0
4710341,Jarquez Hunter,2023,11,1
4710341,Jarquez Hunter,2024,12,0
4710855,Konata Mumpfield,2021,12,0
4710855,Konata Mumpfield,2022,11,1
4710855,Konata Mumpfield,2023,12,0
4710855,Konata Mumpfield,2024,12,0
4426515,Puka Nacua,2019,3,0
4426515,Puka Nacua,2020,3,0
4426515,Puka Nacua,2021,11,1
4426515,Puka Nacua,2022,9,0
4242557,Colby Parkinson,2017,6,0
4242557,Colby Parkinson,2018,11,1
4242557,Colby Parkinson,2019,11,0
4431342,Brennan Presley,2020,2,1
4431342,Brennan Presley,2021,12,1
4431342,Brennan Presley,2022,12,1
4431342,Brennan Presley,2023,13,1
4431342,Brennan Presley,2024,12,0
4431346,Mark Redman,2021,1,0
4431346,Mark Redman,2022,9,1
4431346,Mark Redman,2023,11,0
4431346,Mark Redman,2024,10,1
4243003,Ronnie Rivers,2017,11,1
4243003,Ronnie Rivers,2018,10,1
4243003,Ronnie Rivers,2019,12,0
4243003,Ronnie Rivers,2020,6,0
4243003,Ronnie Rivers,2021,11,0
4565908,Tyler Scott,2020,3,1
4565908,Tyler Scott,2021,12,1
4565908,Tyler Scott,2022,10,0
4386544,Xavier Smith,2018,9,0
4386544,Xavier Smith,2019,10,0
4386544,Xavier Smith,2021,10,0
4386544,Xavier Smith,2022,11,0
4428803,Jordan Waters,2019,2,0
4428803,Jordan Waters,2020,6,0
4428803,Jordan Waters,2021,9,0
4428803,Jordan Waters,2022,12,1
4428803,Jordan Waters,2023,12,1
4428803,Jordan Waters,2024,11,1
4569382,Jordan Whittington,2019,1,0
4569382,Jordan Whittington,2020,4,1
4569382,Jordan Whittington,2021,7,0
4569382,Jordan Whittington,2022,12,1
4569382,Jordan Whittington,2023,11,1
4430737,Kyren Williams,2019,1,0
4430737,Kyren Williams,2020,11,1
4430737,Kyren Williams,2021,12,0
4431618,Mario Williams,2021,10,1
4431618,Mario Williams,2022,10,1
4431618,Mario Williams,2023,10,0
4431618,Mario Williams,2024,13,1
4429160,De'Von Achane,2020,5,1
4429160,De'Von Achane,2021,12,0
4429160,De'Von Achane,2022,10,0
4367209,Greg Dulcich,2018,1,0
4367209,Greg Dulcich,2019,5,0
4367209,Greg Dulcich,2020,7,0
4367209,Greg Dulcich,2021,11,0
4431536,Donovan Edwards,2021,10,1
4431536,Donovan Edwards,2022,10,1
4431536,Donovan Edwards,2023,13,2
4431536,Donovan Edwards,2024,12,0
4889929,Quinn Ewers,2022,9,1
4889929,Quinn Ewers,2023,11,1
4889929,Quinn Ewers,2024,11,3
4711533,Ollie Gordon II,2022,12,1
4711533,Ollie Gordon II,2023,13,1
4711533,Ollie Gordon II,2024,12,0
4429053,AJ Henning,2020,4,0
4429053,AJ Henning,2021,11,1
4429053,AJ Henning,2022,5,1
4429053,AJ Henning,2023,11,1
4429053,AJ Henning,2024,12,0
4365395,Julian Hill,2018,1,0
4365395,Julian Hill,2019,5,0
4365395,Julian Hill,2020,3,0
4365395,Julian Hill,2021,11,0
4365395,Julian Hill,2022,11,0
4361417,Zack Kuntz,2018,1,0
4361417,Zack Kuntz,2019,2,0
4361417,Zack Kuntz,2021,12,1
4361417,Zack Kuntz,2022,4,0
4362630,Terrace Marshall Jr.,2018,9,0
4362630,Terrace Marshall Jr.,2019,10,2
4362630,Terrace Marshall Jr.,2020,7,0
4693331,Cam Miller,2020,6,0
4693331,Cam Miller,2021,11,2
4693331,Cam Miller,2022,13,2
4693331,Cam Miller,2023,14,1
4693331,Cam Miller,2024,14,2
4241479,Tua Tagovailoa,2017,7,1
4241479,Tua Tagovailoa,2018,13,2
4241479,Tua Tagovailoa,2019,9,0
4361438,Cole Turner,2018,1,1
4361438,Cole Turner,2019,3,1
4361438,Cole Turner,2020,8,1
4361438,Cole Turner,2021,11,0
4372016,Jaylen Waddle,2018,13,2
4372016,Jaylen Waddle,2019,12,1
4372016,Jaylen Waddle,2020,4,1
4569603,Malik Washington,2019,5,0
4569603,Malik Washington,2020,4,0
4569603,Malik Washington,2021,12,0
4569603,Malik Washington,2022,12,0
4569603,Malik Washington,2023,12,0
4567506,Tahj Washington,2019,3,0
4567506,Tahj Washington,2020,10,1
4567506,Tahj Washington,2021,12,0
4567506,Tahj Washington,2022,11,1
4567506,Tahj Washington,2023,12,1
4426535,Theo Wease Jr.,2019,5,1
4426535,Theo Wease Jr.,2020,10,1
4426535,Theo Wease Jr.,2022,7,0
4426535,Theo Wease Jr.,2023,12,1
4426535,Theo Wease Jr.,2024,12,1
4361259,Zach Wilson,2018,8,1
4361259,Zach Wilson,2019,8,1
4361259,Zach Wilson,2020,11,1
4036335,Cedrick Wilson Jr.,2016,11,1
4036335,Cedrick Wilson Jr.,2017,13,1
4682745,Jaylen Wright,2021,8,1
4682745,Jaylen Wright,2022,12,1
4682745,Jaylen Wright,2023,12,0
4431044,Jalin Conyers,2021,1,1
4431044,Jalin Conyers,2022,0,0
4431044,Jalin Conyers,2023,1,0
4431044,Jalin Conyers,2024,2,1
4043016,Dee Eskridge,2016,8,0
4043016,Dee Eskridge,2017,12,0
4043016,Dee Eskridge,2018,10,1
4043016,Dee Eskridge,2019,2,0
4043016,Dee Eskridge,2020,6,0
4048244,Alexander Mattison,2016,10,1
4048244,Alexander Mattison,2017,13,1
4048244,Alexander Mattison,2018,13,0
4429205,Jordan Addison,2020,10,0
4429205,Jordan Addison,2021,13,1
4429205,Jordan Addison,2022,11,0
4573398,Max Brosmer,2019,10,0
4573398,Max Brosmer,2020,1,0
4573398,Max Brosmer,2022,13,0
4573398,Max Brosmer,2023,11,0
4573398,Max Brosmer,2024,12,1
4242431,Ty Chandler,2017,11,0
4242431,Ty Chandler,2018,11,0
4242431,Ty Chandler,2019,11,1
4242431,Ty Chandler,2020,10,0
4242431,Ty Chandler,2021,12,1
4696907,Joaquin Davis,2022,10,0
4696907,Joaquin Davis,2023,11,0
4696907,Joaquin Davis,2024,11,0
4565185,Tai Felton,2021,4,0
4565185,Tai Felton,2022,10,1
4565185,Tai Felton,2023,12,1
4565185,Tai Felton,2024,12,0
4565297,Dontae Fleming,2020,8,0
4565297,Dontae Fleming,2021,11,1
4565297,Dontae Fleming,2022,10,0
4565297,Dontae Fleming,2023,3,1
4565297,Dontae Fleming,2024,11,1
4036133,T.J. Hockenson,2017,8,1
4036133,T.J. Hockenson,2018,12,1
4262921,Justin Jefferson,2017,1,0
4262921,Justin Jefferson,2018,12,1
4262921,Justin Jefferson,2019,13,2
4360637,Jeshaun Jones,2018,12,0
4360637,Jeshaun Jones,2020,4,0
4360637,Jeshaun Jones,2021,6,0
4360637,Jeshaun Jones,2022,11,1
4360637,Jeshaun Jones,2023,11,1
4360569,Jordan Mason,2018,12,1
4360569,Jordan Mason,2019,12,0
4360569,Jordan Mason,2020,6,0
4360569,Jordan Mason,2021,12,0
4433970,J.J. McCarthy,2021,10,1
4433970,J.J. McCarthy,2022,13,1
4433970,J.J. McCarthy,2023,13,2
4382466,Jalen Nailor,2018,5,1
4382466,Jalen Nailor,2019,3,1
4382466,Jalen Nailor,2020,7,0
4382466,Jalen Nailor,2021,7,1
4602969,Bryson Nesbit,2021,3,1
4602969,Bryson Nesbit,2022,11,1
4602969,Bryson Nesbit,2023,12,0
4602969,Bryson Nesbit,2024,7,0
3921690,Josh Oliver,2015,3,1
3921690,Josh Oliver,2016,3,0
3921690,Josh Oliver,2017,10,0
3921690,Josh Oliver,2018,12,0
4430656,Myles Price,2020,9,0
4430656,Myles Price,2021,11,1
4430656,Myles Price,2022,10,1
4430656,Myles Price,2023,9,0
4430656,Myles Price,2024,12,1
3722362,Brett Rypien,2015,10,1
3722362,Brett Rypien,2016,12,1
3722362,Brett Rypien,2017,12,1
3722362,Brett Rypien,2018,13,0
4257364,Zavier Scott,2018,10,0
4257364,Zavier Scott,2020,2,0
4257364,Zavier Scott,2021,10,0
4257364,Zavier Scott,2022,11,0
4373030,Ben Sims,2019,1,0
4373030,Ben Sims,2020,6,0
4373030,Ben Sims,2021,12,0
4373030,Ben Sims,2022,11,0
3124092,John Wolford,2014,11,0
3124092,John Wolford,2015,11,0
3124092,John Wolford,2016,11,1
3124092,John Wolford,2017,11,1
4433959,Ben Yurosek,2021,11,0
4433959,Ben Yurosek,2022,12,0
4433959,Ben Yurosek,2023,6,0
4433959,Ben Yurosek,2024,7,0
4708049,Gavin Bartholomew,2021,12,1
4708049,Gavin Bartholomew,2022,10,1
4708049,Gavin Bartholomew,2023,8,0
4708049,Gavin Bartholomew,2024,12,1
4429022,Kayshon Boutte,2020,10,0
4429022,Kayshon Boutte,2021,6,0
4429022,Kayshon Boutte,2022,11,0
4695193,Efton Chism III,2020,6,0
4695193,Efton Chism III,2021,13,0
4695193,Efton Chism III,2022,10,0
4695193,Efton Chism III,2023,11,0
4695193,Efton Chism III,2024,12,0
4240391,Tommy DeVito,2018,7,0
4240391,Tommy DeVito,2019,12,0
4240391,Tommy DeVito,2020,4,0
4240391,Tommy DeVito,2021,3,0
4240391,Tommy DeVito,2022,12,1
4596545,CJ Dippre,2021,1,1
4596545,CJ Dippre,2022,12,0
4596545,CJ Dippre,2023,8,1
4596545,CJ Dippre,2024,10,1
4427095,DeMario Douglas,2019,3,1
4427095,DeMario Douglas,2020,10,1
4427095,DeMario Douglas,2021,11,1
4427095,DeMario Douglas,2022,12,1
4432710,TreVeyon Henderson,2021,12,1
4432710,TreVeyon Henderson,2022,8,0
4432710,TreVeyon Henderson,2023,9,1
4432710,TreVeyon Henderson,2024,12,4
4566195,Marshall Lang,2021,7,0
4566195,Marshall Lang,2022,8,0
4566195,Marshall Lang,2023,8,1
4566195,Marshall Lang,2024,7,0
4431452,Drake Maye,2021,1,1
4431452,Drake Maye,2022,13,1
4431452,Drake Maye,2023,12,0
4241555,Elijah Mitchell,2017,4,0
4241555,Elijah Mitchell,2018,12,1
4241555,Elijah Mitchell,2019,13,1
4241555,Elijah Mitchell,2020,9,1
4569173,Rhamondre Stevenson,2019,12,0
4569173,Rhamondre Stevenson,2020,5,1
4572655,Jeremiah Webb,2021,5,0
4572655,Jeremiah Webb,2023,1,1
4572655,Jeremiah Webb,2024,12,0
4361100,Jack Westover,2019,2,0
4361100,Jack Westover,2020,3,0
4361100,Jack Westover,2021,3,0
4361100,Jack Westover,2022,12,1
4361100,Jack Westover,2023,13,2
4613202,Kyle Williams,2020,6,0
4613202,Kyle Williams,2021,10,0
4613202,Kyle Williams,2022,9,0
4613202,Kyle Williams,2023,12,0
4613202,Kyle Williams,2024,12,1
4427600,Terrell Jennings,2019,10,0
4427600,Terrell Jennings,2021,12,0
4427600,Terrell Jennings,2022,9,0
4427600,Terrell Jennings,2023,12,1
4698253,Lan Larison,2020,5,0
4698253,Lan Larison,2021,11,0
4698253,Lan Larison,2022,11,0
4698253,Lan Larison,2023,8,0
4698253,Lan Larison,2024,14,0
4372526,Deneric Prince,2018,1,0
4372526,Deneric Prince,2020,7,1
4372526,Deneric Prince,2021,9,1
4372526,Deneric Prince,2022,8,0
4605489,Damien Alford,2020,1,0
4605489,Damien Alford,2021,10,0
4605489,Damien Alford,2022,10,1
4605489,Damien Alford,2023,9,1
4605489,Damien Alford,2024,2,0
4372758,Kevin Austin Jr.,2018,4,0
4372758,Kevin Austin Jr.,2020,1,0
4372758,Kevin Austin Jr.,2021,11,1
4372063,Ronnie Bell,2018,7,0
4372063,Ronnie Bell,2019,11,1
4372063,Ronnie Bell,2020,6,0
4372063,Ronnie Bell,2021,1,0
4372063,Ronnie Bell,2022,13,1
4241588,Elijah Cooks,2017,2,0
4241588,Elijah Cooks,2018,11,0
4241588,Elijah Cooks,2019,12,1
4241588,Elijah Cooks,2020,1,0
4241588,Elijah Cooks,2021,3,0
4241588,Elijah Cooks,2022,11,1
4569682,Audric Estime,2021,1,1
4569682,Audric Estime,2022,12,1
4569682,Audric Estime,2023,12,0
4569609,Evan Hull,2019,4,0
4569609,Evan Hull,2020,6,1
4569609,Evan Hull,2021,12,0
4569609,Evan Hull,2022,12,0
3929645,Juwan Johnson,2016,2,0
3929645,Juwan Johnson,2017,12,1
3929645,Juwan Johnson,2018,7,1
3929645,Juwan Johnson,2019,7,1
4432731,Moliki Matavao,2021,8,0
4432731,Moliki Matavao,2022,7,0
4432731,Moliki Matavao,2023,9,1
4432731,Moliki Matavao,2024,11,0
4361370,Chris Olave,2018,6,0
4361370,Chris Olave,2019,12,1
4361370,Chris Olave,2020,5,2
4361370,Chris Olave,2021,11,0
3127306,Dante Pettis,2014,7,1
3127306,Dante Pettis,2015,12,1
3127306,Dante Pettis,2016,12,1
3127306,Dante Pettis,2017,12,1
4426339,Spencer Rattler,2019,2,1
4426339,Spencer Rattler,2020,10,1
4426339,Spencer Rattler,2021,9,0
4426339,Spencer Rattler,2022,12,1
4426339,Spencer Rattler,2023,12,0
4360689,Tyler Shough,2019,4,0
4360689,Tyler Shough,2020,6,1
4360689,Tyler Shough,2021,4,0
4360689,Tyler Shough,2022,6,1
4360689,Tyler Shough,2023,4,0
4360689,Tyler Shough,2024,12,0
4027873,Samori Toure,2018,10,0
4027873,Samori Toure,2019,14,0
4027873,Samori Toure,2021,12,0
4430684,Treyton Welch,2020,3,0
4430684,Treyton Welch,2021,11,0
4430684,Treyton Welch,2022,9,1
4430684,Treyton Welch,2023,9,1
4427985,Bub Means,2021,9,0
4427985,Bub Means,2022,9,1
4427985,Bub Means,2023,11,0
4599739,Kendre Miller,2020,9,0
4599739,Kendre Miller,2021,10,0
4599739,Kendre Miller,2022,13,1
4876006,Zaire Mitchell-Paden,2021,7,0
3843945,Foster Moreau,2016,5,0
3843945,Foster Moreau,2017,10,1
3843945,Foster Moreau,2018,9,1
4682652,Devin Neal,2021,11,0
4682652,Devin Neal,2022,12,1
4682652,Devin Neal,2023,12,1
4682652,Devin Neal,2024,12,0
4426407,Trey Palmer,2019,1,0
4426407,Trey Palmer,2020,6,0
4426407,Trey Palmer,2021,10,0
4426407,Trey Palmer,2022,12,0
4911517,Mason Pline,2023,9,0
4430637,Ja'Lynn Polk,2020,10,0
4430637,Ja'Lynn Polk,2021,3,0
4430637,Ja'Lynn Polk,2022,12,1
4430637,Ja'Lynn Polk,2023,11,2
4034862,Jack Stoll,2017,5,0
4034862,Jack Stoll,2018,10,0
4034862,Jack Stoll,2019,11,0
4034862,Jack Stoll,2020,3,0
4573697,Mason Tipton,2019,8,0
4573697,Mason Tipton,2021,9,0
4573697,Mason Tipton,2022,7,0
4573697,Mason Tipton,2023,10,0
4569559,Devaughn Vele,2020,2,0
4569559,Devaughn Vele,2021,9,1
4569559,Devaughn Vele,2022,12,1
4569559,Devaughn Vele,2023,10,0
4361516,Daniel Bellinger,2018,1,1
4361516,Daniel Bellinger,2019,9,1
4361516,Daniel Bellinger,2020,7,0
4361516,Daniel Bellinger,2021,10,1
4570296,Dalen Cambre,2020,1,0
4570296,Dalen Cambre,2022,1,1
4570296,Dalen Cambre,2023,1,0
4570296,Dalen Cambre,2024,2,1
4047422,Tanner Conner,2018,4,0
4047422,Tanner Conner,2019,10,0
4047422,Tanner Conner,2020,6,0
4047422,Tanner Conner,2021,9,0
4689114,Jaxson Dart,2021,6,0
4689114,Jaxson Dart,2022,12,1
4689114,Jaxson Dart,2023,12,1
4689114,Jaxson Dart,2024,12,1
4427278,Xavier Gipson,2019,11,0
4427278,Xavier Gipson,2020,10,0
4427278,Xavier Gipson,2021,11,0
4427278,Xavier Gipson,2022,10,0
4570561,Eric Gray,2019,12,1
4570561,Eric Gray,2020,9,0
4570561,Eric Gray,2021,12,1
4570561,Eric Gray,2022,12,0
4242540,Isaiah Hodgins,2017,11,0
4242540,Isaiah Hodgins,2018,11,0
4242540,Isaiah Hodgins,2019,12,0
4692590,Jalin Hyatt,2020,8,0
4692590,Jalin Hyatt,2021,8,1
4692590,Jalin Hyatt,2022,12,0
4565172,Courtney Jackson,2019,1,0
4565172,Courtney Jackson,2020,4,0
4565172,Courtney Jackson,2021,11,0
4565172,Courtney Jackson,2022,8,0
4565172,Courtney Jackson,2023,12,1
4565172,Courtney Jackson,2024,12,1
4429148,Theo Johnson,2020,2,0
4429148,Theo Johnson,2021,9,0
4429148,Theo Johnson,2022,7,1
4429148,Theo Johnson,2023,11,1
4367510,Dante Miller,2018,6,0
4367510,Dante Miller,2019,9,0
4367510,Dante Miller,2021,10,0
4367510,Dante Miller,2022,4,0
4369466,Ryan Miller,2018,7,0
4369466,Ryan Miller,2019,8,0
4369466,Ryan Miller,2020,7,0
4369466,Ryan Miller,2021,11,0
4369466,Ryan Miller,2022,13,0
4040761,Devin Singletary,2016,12,0
4040761,Devin Singletary,2017,13,1
4040761,Devin Singletary,2018,12,0
3916945,Darius Slayton,2016,6,1
3916945,Darius Slayton,2017,10,1
3916945,Darius Slayton,2018,10,1
4360516,Tyrone Tracy Jr.,2018,2,0
4360516,Tyrone Tracy Jr.,2019,11,1
4360516,Tyrone Tracy Jr.,2020,7,0
4360516,Tyrone Tracy Jr.,2021,10,0
4360516,Tyrone Tracy Jr.,2022,13,1
4360516,Tyrone Tracy Jr.,2023,11,0
4431210,Beaux Collins,2021,8,1
4431210,Beaux Collins,2022,8,0
4431210,Beaux Collins,2023,10,0
4431210,Beaux Collins,2024,11,3
4575348,Da'Quan Felton,2021,9,0
4575348,Da'Quan Felton,2022,11,0
4575348,Da'Quan Felton,2023,10,0
4575348,Da'Quan Felton,2024,11,0
4590292,Thomas Fidone II,2023,11,0
4590292,Thomas Fidone II,2024,11,1
4362227,Bryce Ford-Wheaton,2019,7,0
4362227,Bryce Ford-Wheaton,2020,7,1
4362227,Bryce Ford-Wheaton,2021,10,1
4362227,Bryce Ford-Wheaton,2022,12,0
4595348,Malik Nabers,2021,9,1
4595348,Malik Nabers,2022,13,1
4595348,Malik Nabers,2023,12,1
4569587,Wan'Dale Robinson,2019,10,0
4569587,Wan'Dale Robinson,2020,8,0
4569587,Wan'Dale Robinson,2021,12,1
4696981,Cam Skattebo,2021,8,0
4696981,Cam Skattebo,2022,13,0
4696981,Cam Skattebo,2023,12,0
4696981,Cam Skattebo,2024,12,1
4429435,Brady Cook,2020,2,0
4429435,Brady Cook,2021,4,1
4429435,Brady Cook,2022,12,1
4429435,Brady Cook,2023,12,1
4429435,Brady Cook,2024,11,1
4431053,Mac Dalena,2020,1,0
4431053,Mac Dalena,2022,5,1
4431053,Mac Dalena,2023,12,1
4431053,Mac Dalena,2024,12,1
4427366,Breece Hall,2019,11,1
4427366,Breece Hall,2020,11,1
4427366,Breece Hall,2021,12,0
4035886,Khalil Herbert,2016,8,0
4035886,Khalil Herbert,2017,11,0
4035886,Khalil Herbert,2018,12,0
4035886,Khalil Herbert,2019,4,0
4035886,Khalil Herbert,2020,10,0
4240858,Hendon Hooker,2018,3,0
4240858,Hendon Hooker,2019,9,1
4240858,Hendon Hooker,2020,8,0
4240858,Hendon Hooker,2021,12,1
4240858,Hendon Hooker,2022,11,0
4567096,John Metchie III,2019,4,0
4567096,John Metchie III,2020,11,2
4567096,John Metchie III,2021,13,0
4597500,Adonai Mitchell,2021,10,2
4597500,Adonai Mitchell,2022,2,2
4597500,Adonai Mitchell,2023,13,1
4035537,Kene Nwangwu,2016,7,0
4035537,Kene Nwangwu,2018,9,1
4035537,Kene Nwangwu,2019,6,0
4035537,Kene Nwangwu,2020,10,1
4892576,Jamaal Pritchett,2022,3,1
4892576,Jamaal Pritchett,2023,11,1
4892576,Jamaal Pritchett,2024,12,0
4361372,Jeremy Ruckert,2018,1,0
4361372,Jeremy Ruckert,2019,8,1
4361372,Jeremy Ruckert,2020,3,2
4361372,Jeremy Ruckert,2021,9,1
4613050,Quentin Skinner,2022,11,1
4613050,Quentin Skinner,2023,10,1
4613050,Quentin Skinner,2024,9,0
4250764,Stone Smartt,2017,7,0
4250764,Stone Smartt,2019,9,0
4250764,Stone Smartt,2021,3,1
4429105,Arian Smith,2020,2,1
4429105,Arian Smith,2021,3,0
4429105,Arian Smith,2022,3,2
4429105,Arian Smith,2023,6,1
4429105,Arian Smith,2024,13,1
4569371,Isaiah Williams,2019,3,1
4569371,Isaiah Williams,2020,6,0
4569371,Isaiah Williams,2021,12,0
4569371,Isaiah Williams,2022,12,1
4569371,Isaiah Williams,2023,12,0
4241410,Jelani Woods,2018,6,0
4241410,Jelani Woods,2019,7,1
4241410,Jelani Woods,2020,7,0
4241410,Jelani Woods,2021,11,0
4250360,Bailey Zappe,2017,10,0
4250360,Bailey Zappe,2018,11,0
4250360,Bailey Zappe,2019,12,0
4250360,Bailey Zappe,2020,4,0
4250360,Bailey Zappe,2021,13,1
4685247,Braelon Allen,2021,10,1
4685247,Braelon Allen,2022,11,1
4685247,Braelon Allen,2023,11,0
3929636,Irvin Charles,2016,2,0
3929636,Irvin Charles,2017,1,0
4695404,Isaiah Davis,2020,6,0
4695404,Isaiah Davis,2021,6,1
4695404,Isaiah Davis,2022,11,2
4695404,Isaiah Davis,2023,13,2
4362887,Justin Fields,2018,12,0
4362887,Justin Fields,2019,13,1
4362887,Justin Fields,2020,6,2
4808766,Mason Taylor,2022,12,1
4808766,Mason Taylor,2023,11,1
4808766,Mason Taylor,2024,12,0
4569618,Garrett Wilson,2019,12,1
4569618,Garrett Wilson,2020,6,2
4569618,Garrett Wilson,2021,11,0
3929630,Saquon Barkley,2015,10,1
3929630,Saquon Barkley,2016,13,1
3929630,Saquon Barkley,2017,12,1
4429262,Jaheim Bell,2020,1,0
4429262,Jaheim Bell,2021,10,1
4429262,Jaheim Bell,2022,11,0
4429262,Jaheim Bell,2023,10,0
4429013,Tank Bigsby,2020,10,0
4429013,Tank Bigsby,2021,12,1
4429013,Tank Bigsby,2022,12,0
4047646,A.J. Brown,2016,11,0
4047646,A.J. Brown,2017,11,0
4047646,A.J. Brown,2018,12,0
4241374,Grant Calcaterra,2017,5,0
4241374,Grant Calcaterra,2018,11,1
4241374,Grant Calcaterra,2019,3,0
4241374,Grant Calcaterra,2021,11,0
4715355,Darius Cooper,2020,1,0
4715355,Darius Cooper,2021,5,0
4715355,Darius Cooper,2022,0,0
4715355,Darius Cooper,2023,7,0
4715355,Darius Cooper,2024,14,0
3926231,Britain Covey,2015,11,1
3926231,Britain Covey,2018,13,0
3926231,Britain Covey,2019,4,0
3926231,Britain Covey,2020,3,0
3926231,Britain Covey,2021,13,1
4239934,AJ Dillon,2017,12,1
4239934,AJ Dillon,2018,10,0
4239934,AJ Dillon,2019,12,0
4361409,Jahan Dotson,2018,6,1
4361409,Jahan Dotson,2019,12,1
4361409,Jahan Dotson,2020,9,0
4361409,Jahan Dotson,2021,12,0
4039160,Kylen Granson,2016,7,0
4039160,Kylen Granson,2017,7,0
4039160,Kylen Granson,2019,11,1
4039160,Kylen Granson,2020,10,0
4689546,Danny Gray,2020,8,0
4689546,Danny Gray,2021,10,0
4426875,Sam Howell,2019,12,1
4426875,Sam Howell,2020,11,1
4426875,Sam Howell,2021,11,1
4040715,Jalen Hurts,2016,13,2
4040715,Jalen Hurts,2017,12,2
4040715,Jalen Hurts,2018,11,2
4040715,Jalen Hurts,2019,13,1
4248557,E.J. Jenkins,2018,3,0
4248557,E.J. Jenkins,2019,12,0
4248557,E.J. Jenkins,2021,6,1
4248557,E.J. Jenkins,2022,9,0
4372026,Cameron Latu,2021,11,2
4372026,Cameron Latu,2022,9,1
4685201,Tanner McKee,2020,1,0
4685201,Tanner McKee,2021,10,0
4685201,Tanner McKee,2022,12,0
4431545,Will Shipley,2021,9,1
4431545,Will Shipley,2022,13,1
4431545,Will Shipley,2023,11,1
4241478,DeVonta Smith,2017,1,0
4241478,DeVonta Smith,2018,14,0
4241478,DeVonta Smith,2019,1,1
4241478,DeVonta Smith,2020,2,0
4714365,Carson Steele,2021,12,1
4714365,Carson Steele,2022,12,0
4714365,Carson Steele,2023,12,0
4050373,Quez Watkins,2017,9,0
4050373,Quez Watkins,2018,11,0
4050373,Quez Watkins,2019,10,1
4686104,Johnny Wilson,2020,3,0
4686104,Johnny Wilson,2021,4,0
4686104,Johnny Wilson,2022,11,1
4686104,Johnny Wilson,2023,9,0
4243389,Calvin Austin III,2018,2,0
4243389,Calvin Austin III,2019,7,1
4243389,Calvin Austin III,2020,10,1
4243389,Calvin Austin III,2021,12,0
4361411,Pat Freiermuth,2018,11,1
4361411,Pat Freiermuth,2019,12,1
4361411,Pat Freiermuth,2020,4,0
4371733,Kenneth Gainwell,2018,3,0
4371733,Kenneth Gainwell,2019,13,1
4695800,JJ Galbreath,2021,2,0
4695800,JJ Galbreath,2022,8,0
4695800,JJ Galbreath,2023,11,0
4695800,JJ Galbreath,2024,9,1
4241961,Connor Heyward,2017,4,0
4241961,Connor Heyward,2018,12,1
4241961,Connor Heyward,2019,4,0
4241961,Connor Heyward,2020,7,0
4241961,Connor Heyward,2021,11,1
4429955,Will Howard,2020,9,0
4429955,Will Howard,2021,5,0
4429955,Will Howard,2022,6,1
4429955,Will Howard,2023,12,0
4429955,Will Howard,2024,12,4
4694237,Max Hurleman,2020,2,0
4694237,Max Hurleman,2021,11,0
4694237,Max Hurleman,2022,11,0
4694237,Max Hurleman,2023,1,0
4819231,Kaleb Johnson,2022,12,1
4819231,Kaleb Johnson,2023,9,1
4819231,Kaleb Johnson,2024,12,0
4047650,DK Metcalf,2016,2,0
4047650,DK Metcalf,2017,12,0
4047650,DK Metcalf,2018,7,0
3914397,Scotty Miller,2015,2,1
3914397,Scotty Miller,2016,12,0
3914397,Scotty Miller,2017,12,0
3914397,Scotty Miller,2018,11,0
4428119,Lew Nichols,2019,4,0
4428119,Lew Nichols,2020,6,0
4428119,Lew Nichols,2021,12,1
4428119,Lew Nichols,2022,9,0
4362019,A.T. Perry,2019,1,1
4362019,A.T. Perry,2020,6,0
4362019,A.T. Perry,2021,13,1
4362019,A.T. Perry,2022,12,1
4426494,John Rhys Plumlee,2019,9,0
4426494,John Rhys Plumlee,2020,6,1
4426494,John Rhys Plumlee,2021,4,0
4426494,John Rhys Plumlee,2022,12,1
4426494,John Rhys Plumlee,2023,9,1
3116407,Mason Rudolph,2014,2,1
3116407,Mason Rudolph,2015,12,1
3116407,Mason Rudolph,2016,12,1
3116407,Mason Rudolph,2017,12,1
4035656,Ben Skowronek,2016,6,0
4035656,Ben Skowronek,2017,12,1
4035656,Ben Skowronek,2018,13,1
4035656,Ben Skowronek,2019,3,0
4035656,Ben Skowronek,2020,8,1
4240577,Brandon Smith,2018,10,1
4240577,Brandon Smith,2019,7,1
4240577,Brandon Smith,2020,7,0
4569987,Jaylen Warren,2019,11,1
4569987,Jaylen Warren,2020,3,0
4569987,Jaylen Warren,2021,12,1
4431492,Roman Wilson,2020,5,0
4431492,Roman Wilson,2021,11,1
4431492,Roman Wilson,2022,10,1
4431492,Roman Wilson,2023,12,2
3912092,Donald Parham Jr.,2018,9,0
4036419,Skylar Thompson,2017,7,1
4036419,Skylar Thompson,2018,11,0
4036419,Skylar Thompson,2019,12,1
4036419,Skylar Thompson,2020,3,0
4036419,Skylar Thompson,2021,9,1
4430802,Darnell Washington,2020,3,1
4430802,Darnell Washington,2021,7,1
4430802,Darnell Washington,2022,11,2
4887918,Junior Bergen,2021,11,0
4887918,Junior Bergen,2022,10,0
4887918,Junior Bergen,2023,13,2
4887918,Junior Bergen,2024,12,0
4250945,Colton Dowell,2018,6,0
4250945,Colton Dowell,2019,12,0
4250945,Colton Dowell,2020,7,0
4250945,Colton Dowell,2021,6,0
4250945,Colton Dowell,2022,11,0
4040612,Luke Farrell,2017,2,0
4040612,Luke Farrell,2018,8,1
4040612,Luke Farrell,2019,5,1
4040612,Luke Farrell,2020,3,1
4372561,Isaac Guerendo,2019,2,1
4372561,Isaac Guerendo,2020,1,0
4372561,Isaac Guerendo,2021,4,0
4372561,Isaac Guerendo,2022,12,0
4372561,Isaac Guerendo,2023,13,1
4685397,Jordan James,2022,8,1
4685397,Jordan James,2023,13,1
4685397,Jordan James,2024,13,1
3886598,Jauan Jennings,2015,9,1
3886598,Jauan Jennings,2016,12,1
3886598,Jauan Jennings,2017,1,0
3886598,Jauan Jennings,2018,11,0
3886598,Jauan Jennings,2019,12,1
4241464,Mac Jones,2018,5,1
4241464,Mac Jones,2019,10,1
4241464,Mac Jones,2020,11,2
4361182,Adrian Martinez,2018,11,0
4361182,Adrian Martinez,2019,10,0
4361182,Adrian Martinez,2020,7,0
4361182,Adrian Martinez,2021,11,0
4361182,Adrian Martinez,2022,9,1
3117251,Christian McCaffrey,2014,11,1
3117251,Christian McCaffrey,2015,13,1
3117251,Christian McCaffrey,2016,11,0
4430191,Skyy Moore,2019,12,1
4430191,Skyy Moore,2020,5,0
4430191,Skyy Moore,2021,11,1
4428209,Ricky Pearsall,2019,6,1
4428209,Ricky Pearsall,2020,3,0
4428209,Ricky Pearsall,2021,12,1
4428209,Ricky Pearsall,2022,12,1
4428209,Ricky Pearsall,2023,12,0
4361741,Brock Purdy,2018,9,1
4361741,Brock Purdy,2019,12,1
4361741,Brock Purdy,2020,11,1
4361741,Brock Purdy,2021,12,1
4241474,Brian Robinson Jr.,2017,5,0
4241474,Brian Robinson Jr.,2018,9,0
4241474,Brian Robinson Jr.,2019,12,1
4241474,Brian Robinson Jr.,2020,11,2
4241474,Brian Robinson Jr.,2021,12,2
4428396,Hayden Rucci,2022,2,1
4428396,Hayden Rucci,2023,7,1
4259147,Jake Tonges,2019,6,1
4259147,Jake Tonges,2020,3,0
4259147,Jake Tonges,2021,10,0
3115928,Malik Turner,2014,6,1
3115928,Malik Turner,2015,11,0
3115928,Malik Turner,2016,11,0
3115928,Malik Turner,2017,10,0
4431466,Jordan Watkins,2020,4,0
4431466,Jordan Watkins,2021,12,0
4431466,Jordan Watkins,2022,9,1
4431466,Jordan Watkins,2023,11,0
4431466,Jordan Watkins,2024,10,1
4360290,Brayden Willis,2018,1,0
4360290,Brayden Willis,2019,10,1
4360290,Brayden Willis,2020,4,0
4360290,Brayden Willis,2021,7,0
4360290,Brayden Willis,2022,11,1
4360438,Brandon Aiyuk,2018,9,1
4360438,Brandon Aiyuk,2019,12,0
4575665,Jacob Cowing,2019,11,0
4575665,Jacob Cowing,2020,8,0
4575665,Jacob Cowing,2021,12,1
4575665,Jacob Cowing,2022,12,0
4575665,Jacob Cowing,2023,12,1
4430431,Kurtis Rourke,2019,1,0
4430431,Kurtis Rourke,2020,3,0
4430431,Kurtis Rourke,2021,10,0
4430431,Kurtis Rourke,2022,11,0
4430431,Kurtis Rourke,2023,11,0
4430431,Kurtis Rourke,2024,11,1
4039358,Patrick Taylor Jr.,2016,11,1
4039358,Patrick Taylor Jr.,2017,11,1
4039358,Patrick Taylor Jr.,2018,13,1
4039358,Patrick Taylor Jr.,2019,5,1
4240021,Cam Akers,2017,12,1
4240021,Cam Akers,2018,12,0
4240021,Cam Akers,2019,11,0
4678006,Elijah Arroyo,2021,5,0
4678006,Elijah Arroyo,2022,4,0
4678006,Elijah Arroyo,2023,1,0
4678006,Elijah Arroyo,2024,11,1
4576297,AJ Barner,2021,7,0
4576297,AJ Barner,2022,10,0
4576297,AJ Barner,2023,10,0
4360405,Jake Bobo,2018,8,1
4360405,Jake Bobo,2019,5,0
4360405,Jake Bobo,2020,11,0
4360405,Jake Bobo,2021,12,0
4360405,Jake Bobo,2022,12,1
4429313,Tyrone Broden,2020,4,0
4429313,Tyrone Broden,2021,9,0
4429313,Tyrone Broden,2022,11,1
4429313,Tyrone Broden,2023,8,0
4429313,Tyrone Broden,2024,7,0
3912547,Sam Darnold,2016,12,1
3912547,Sam Darnold,2017,13,1
4600597,Montorie Foster Jr.,2021,6,0
4600597,Montorie Foster Jr.,2022,4,0
4600597,Montorie Foster Jr.,2023,12,0
4600597,Montorie Foster Jr.,2024,11,0
4429835,George Holani,2019,13,1
4429835,George Holani,2020,3,0
4429835,George Holani,2021,9,0
4429835,George Holani,2022,12,1
4429835,George Holani,2023,7,1
4035693,Velus Jones Jr.,2017,8,0
4035693,Velus Jones Jr.,2018,10,0
4035693,Velus Jones Jr.,2019,4,0
4035693,Velus Jones Jr.,2020,9,0
4035693,Velus Jones Jr.,2021,11,1
4569547,Nick Kallerup,2022,2,0
4569547,Nick Kallerup,2023,3,0
4569547,Nick Kallerup,2024,6,1
3924327,Drew Lock,2015,12,0
3924327,Drew Lock,2016,12,0
3924327,Drew Lock,2017,12,1
3924327,Drew Lock,2018,12,1
4432734,Jalen Milroe,2021,4,0
4432734,Jalen Milroe,2022,7,1
4432734,Jalen Milroe,2023,12,1
4432734,Jalen Milroe,2024,12,1
4032473,Rashid Shaheed,2018,13,0
4032473,Rashid Shaheed,2019,8,0
4032473,Rashid Shaheed,2020,5,0
4032473,Rashid Shaheed,2021,11,0
4430878,Jaxon Smith-Njigba,2020,4,2
4430878,Jaxon Smith-Njigba,2021,12,1
4430878,Jaxon Smith-Njigba,2022,3,0
4567048,Kenneth Walker III,2019,11,1
4567048,Kenneth Walker III,2020,7,0
4567048,Kenneth Walker III,2021,12,0
4431479,Ricky White III,2020,3,0
4431479,Ricky White III,2022,12,0
4431479,Ricky White III,2023,13,1
4431479,Ricky White III,2024,13,0
4428943,Jacardia Wright,2019,2,1
4428943,Jacardia Wright,2020,3,0
4428943,Jacardia Wright,2021,5,0
4428943,Jacardia Wright,2022,10,0
4428943,Jacardia Wright,2023,10,0
4428943,Jacardia Wright,2024,12,0
4426385,Zach Charbonnet,2019,12,1
4426385,Zach Charbonnet,2020,5,0
4426385,Zach Charbonnet,2021,12,0
4426385,Zach Charbonnet,2022,10,0
4597703,Tory Horton,2020,5,1
4597703,Tory Horton,2021,11,0
4597703,Tory Horton,2022,11,0
4597703,Tory Horton,2023,12,0
4597703,Tory Horton,2024,5,0
4427391,Kenny McIntosh,2019,3,1
4427391,Kenny McIntosh,2020,7,1
4427391,Kenny McIntosh,2021,11,2
4427391,Kenny McIntosh,2022,13,2
4241983,Cody White,2017,10,1
4241983,Cody White,2018,8,1
4241983,Cody White,2019,12,1
4426444,Connor Bazelak,2019,3,0
4426444,Connor Bazelak,2020,10,0
4426444,Connor Bazelak,2021,11,0
4426444,Connor Bazelak,2022,10,0
4426444,Connor Bazelak,2023,10,1
4426444,Connor Bazelak,2024,12,1
4361112,Devin Culp,2020,1,0
4361112,Devin Culp,2021,9,0
4361112,Devin Culp,2022,11,1
4361112,Devin Culp,2023,10,1
4372505,Payne Durham,2019,7,0
4372505,Payne Durham,2020,6,0
4372505,Payne Durham,2021,9,1
4372505,Payne Durham,2022,13,0
4567750,Emeka Egbuka,2021,3,1
4567750,Emeka Egbuka,2022,12,1
4567750,Emeka Egbuka,2023,9,1
4567750,Emeka Egbuka,2024,12,4
3116165,Chris Godwin Jr.,2014,11,1
3116165,Chris Godwin Jr.,2015,12,1
3116165,Chris Godwin Jr.,2016,12,1
4429847,Garrett Greene,2020,2,0
4429847,Garrett Greene,2021,9,0
4429847,Garrett Greene,2022,9,0
4429847,Garrett Greene,2023,11,1
4429847,Garrett Greene,2024,10,1
4572786,Dennis Houston,2019,8,0
4572786,Dennis Houston,2020,6,0
4572786,Dennis Houston,2021,11,0
4596448,Bucky Irving,2021,11,1
4596448,Bucky Irving,2022,12,1
4596448,Bucky Irving,2023,13,1
4608810,Tez Johnson,2020,10,0
4608810,Tez Johnson,2021,12,0
4608810,Tez Johnson,2022,12,1
4608810,Tez Johnson,2023,12,1
4608810,Tez Johnson,2024,11,1
4430834,Jalen McMillan,2020,3,0
4430834,Jalen McMillan,2021,10,0
4430834,Jalen McMillan,2022,12,1
4430834,Jalen McMillan,2023,5,2
4243331,Cade Otton,2018,7,1
4243331,Cade Otton,2019,10,1
4243331,Cade Otton,2020,4,0
4243331,Cade Otton,2021,8,0
4430871,Sean Tucker,2020,9,0
4430871,Sean Tucker,2021,12,0
4430871,Sean Tucker,2022,12,0
4697815,Rachaad White,2020,4,0
4697815,Rachaad White,2021,11,0
4569156,Michael Wiley,2019,10,0
4569156,Michael Wiley,2020,5,0
4569156,Michael Wiley,2021,11,0
4569156,Michael Wiley,2022,11,0
4569156,Michael Wiley,2023,9,1
4568024,Josh Williams,2020,3,0
4568024,Josh Williams,2021,8,1
4568024,Josh Williams,2022,11,0
4568024,Josh Williams,2023,11,1
4568024,Josh Williams,2024,12,1
4249616,Owen Wright,2018,9,0
4249616,Owen Wright,2019,12,0
4249616,Owen Wright,2020,1,0
4249616,Owen Wright,2021,10,0
4249616,Owen Wright,2022,11,0
4034779,Ko Kieft,2017,2,0
4034779,Ko Kieft,2018,1,0
4034779,Ko Kieft,2020,1,0
4034779,Ko Kieft,2021,5,0
4581750,Jaden Smith,2019,1,0
4581750,Jaden Smith,2021,6,1
4581750,Jaden Smith,2024,12,0
4883647,Elic Ayomanor,2023,12,0
4883647,Elic Ayomanor,2024,12,0
4367567,Julius Chestnut,2018,11,0
4367567,Julius Chestnut,2019,12,0
4367567,Julius Chestnut,2020,4,0
4367567,Julius Chestnut,2021,5,0
4431268,Chimere Dike,2020,5,1
4431268,Chimere Dike,2021,9,1
4431268,Chimere Dike,2022,11,1
4431268,Chimere Dike,2023,8,0
4431268,Chimere Dike,2024,12,1
4686728,Gunnar Helm,2022,3,1
4686728,Gunnar Helm,2023,7,1
4686728,Gunnar Helm,2024,13,3
4360978,David Martin-Robinson,2018,1,0
4360978,David Martin-Robinson,2019,4,0
4360978,David Martin-Robinson,2020,4,0
4360978,David Martin-Robinson,2021,3,0
4360978,David Martin-Robinson,2022,8,0
4360978,David Martin-Robinson,2023,10,0
4429121,Kalel Mullings,2020,1,0
4429121,Kalel Mullings,2021,1,0
4429121,Kalel Mullings,2022,2,1
4429121,Kalel Mullings,2023,8,2
4429121,Kalel Mullings,2024,12,0
4360635,Chig Okonkwo,2018,9,0
4360635,Chig Okonkwo,2019,7,0
4360635,Chig Okonkwo,2021,11,1
4362617,Bryce Oliver,2019,5,0
4362617,Bryce Oliver,2020,1,1
4362617,Bryce Oliver,2021,7,0
4362617,Bryce Oliver,2022,11,0
4362617,Bryce Oliver,2023,13,0
3916148,Tony Pollard,2016,12,1
3916148,Tony Pollard,2017,11,1
3916148,Tony Pollard,2018,13,1
4879189,Hal Presley,2021,2,0
4879189,Hal Presley,2022,12,1
4879189,Hal Presley,2023,5,0
4879189,Hal Presley,2024,10,1
3916204,James Proche II,2016,12,0
3916204,James Proche II,2017,11,0
3916204,James Proche II,2018,12,0
3916204,James Proche II,2019,12,1
4431353,Xavier Restrepo,2020,1,0
4431353,Xavier Restrepo,2021,10,0
4431353,Xavier Restrepo,2022,6,0
4431353,Xavier Restrepo,2023,11,1
4431353,Xavier Restrepo,2024,12,0
4428557,Tyjae Spears,2019,4,0
4428557,Tyjae Spears,2020,3,0
4428557,Tyjae Spears,2021,12,0
4428557,Tyjae Spears,2022,13,1
4688380,Cam Ward,2020,6,0
4688380,Cam Ward,2021,13,0
4688380,Cam Ward,2022,12,1
4688380,Cam Ward,2023,12,0
4688380,Cam Ward,2024,12,1
4361604,Blake Watson,2018,1,0
4361604,Blake Watson,2019,8,0
4361604,Blake Watson,2021,10,1
4361604,Blake Watson,2022,11,0
4361604,Blake Watson,2023,12,1
4362570,Joel Wilson,2018,1,0
4362570,Joel Wilson,2019,1,0
4362570,Joel Wilson,2020,2,0
4362570,Joel Wilson,2021,10,1
4362570,Joel Wilson,2022,9,0
3930066,Van Jefferson,2016,12,0
3930066,Van Jefferson,2017,10,0
3930066,Van Jefferson,2018,10,1
3930066,Van Jefferson,2019,11,1
4361418,Will Levis,2019,6,0
4361418,Will Levis,2020,8,0
4361418,Will Levis,2021,12,1
4361418,Will Levis,2022,11,0
3925357,Calvin Ridley,2015,13,2
3925357,Calvin Ridley,2016,13,2
3925357,Calvin Ridley,2017,12,2
4048228,John Bates,2017,2,0
4048228,John Bates,2018,6,0
4048228,John Bates,2019,10,1
4048228,John Bates,2020,3,0
4431506,Ja'Corey Brooks,2021,4,2
4431506,Ja'Corey Brooks,2022,10,1
4431506,Ja'Corey Brooks,2023,3,0
4431506,Ja'Corey Brooks,2024,11,0
4567156,Treylon Burks,2019,11,0
4567156,Treylon Burks,2020,9,0
4567156,Treylon Burks,2021,12,0
3917849,Lawrence Cager,2015,5,0
3917849,Lawrence Cager,2017,7,1
3917849,Lawrence Cager,2018,11,1
3917849,Lawrence Cager,2019,8,0
4575131,Jacory Croskey-Merritt,2019,8,0
4575131,Jacory Croskey-Merritt,2020,5,0
4575131,Jacory Croskey-Merritt,2021,10,0
4575131,Jacory Croskey-Merritt,2022,11,0
4575131,Jacory Croskey-Merritt,2023,12,0
4575131,Jacory Croskey-Merritt,2024,1,0
4426348,Jayden Daniels,2019,11,1
4426348,Jayden Daniels,2020,4,0
4426348,Jayden Daniels,2021,12,1
4426348,Jayden Daniels,2022,13,1
4426348,Jayden Daniels,2023,12,0
3119195,Chase Edmonds,2014,14,0
3119195,Chase Edmonds,2015,12,0
3119195,Chase Edmonds,2016,11,0
3119195,Chase Edmonds,2017,7,0
4361994,Sam Hartman,2018,9,0
4361994,Sam Hartman,2019,3,1
4361994,Sam Hartman,2020,8,1
4361994,Sam Hartman,2021,13,1
4361994,Sam Hartman,2022,11,1
4361994,Sam Hartman,2023,12,0
5083297,Jacoby Jones,2022,12,1
5083297,Jacoby Jones,2023,3,0
5083297,Jacoby Jones,2024,6,0
3121422,Terry McLaurin,2016,8,1
3121422,Terry McLaurin,2017,11,1
3121422,Terry McLaurin,2018,11,1
3127586,Jeremy McNichols,2014,7,1
3127586,Jeremy McNichols,2015,11,1
3127586,Jeremy McNichols,2016,12,1
4570242,Nick Nash,2019,6,0
4570242,Nick Nash,2020,7,1
4570242,Nick Nash,2021,10,0
4570242,Nick Nash,2022,2,1
4570242,Nick Nash,2023,12,1
4570242,Nick Nash,2024,12,0
4362619,Chris Rodriguez Jr.,2018,1,0
4362619,Chris Rodriguez Jr.,2019,8,1
4362619,Chris Rodriguez Jr.,2020,8,1
4362619,Chris Rodriguez Jr.,2021,12,1
4362619,Chris Rodriguez Jr.,2022,8,0
3126486,Deebo Samuel,2015,4,0
3126486,Deebo Samuel,2016,9,1
3126486,Deebo Samuel,2017,3,0
3126486,Deebo Samuel,2018,12,0
4690923,Ben Sinnott,2021,4,1
4690923,Ben Sinnott,2022,12,1
4690923,Ben Sinnott,2023,11,0
4361088,Colson Yankoff,2020,1,0
4361088,Colson Yankoff,2021,1,0
4361088,Colson Yankoff,2022,7,1
4361088,Colson Yankoff,2023,8,1
3121409,Noah Brown,2014,1,1
3121409,Noah Brown,2016,11,1
3916564,Tyree Jackson,2016,10,0
3916564,Tyree Jackson,2017,8,0
3916564,Tyree Jackson,2018,13,1
4602667,Jaylin Lane,2020,7,0
4602667,Jaylin Lane,2021,11,1
4602667,Jaylin Lane,2022,10,1
4602667,Jaylin Lane,2023,11,1
4602667,Jaylin Lane,2024,12,0
4426948,Luke McCaffrey,2019,4,0
4426948,Luke McCaffrey,2020,6,0
4426948,Luke McCaffrey,2021,9,0
4426948,Luke McCaffrey,2022,9,1
4426948,Luke McCaffrey,2023,12,1
