Year,Name,College,POS,Big_Board_Rank,Height,Height_in,Weight_lbs,40_Yard,Bench_Press,Vert_Leap_in,Broad_Jump_in,Shuttle,3Cone,Hand_Size_in,Arm_Length_in
2026,Arvell Reese,Ohio State,LB,1,"6'4""",76.0,241,4.46,,,,,,,
2026,Rueben Bain Jr.,Miami,EDGE,2,"6'2.5""",74.5,263,,,,,,,,
2026,Caleb Downs,Ohio State,S,3,"5'11.5""",71.5,206,,,,,,,,
2026,Fernando Mendoza,Indiana,QB,4,"6'5""",77.0,236,,,,,,,9.5,
2026,David Bailey,Texas Tech,EDGE,5,"6'3.5""",75.5,251,4.5,,35.0,129.0,,,,
2026,Francis Mauigoa,Miami,OT,6,"6'5.5""",77.5,329,,,,,,,,33.25
2026,Sonny Styles,Ohio State,LB,7,"6'5""",77.0,244,4.46,,43.5,134.0,4.26,7.09,,
2026,Spencer Fano,Utah,OT,8,"6'5.5""",77.5,311,4.91,,32.0,111.0,,,,32.125
2026,Carnell Tate,Ohio State,WR,9,"6'2.5""",74.5,192,4.53,,,,,,,
2026,Jeremiyah Love,Notre Dame,RB,10,"6'0""",72.0,212,4.36,,,,,,,
2026,Mansoor Delane,LSU,CB,11,"6'0""",72.0,187,,,,,,,,
2026,Makai Lemon,USC,WR,12,"5'11""",71.0,192,,,,,,,,
2026,Keldric Faulk,Auburn,EDGE,13,"6'6""",78.0,276,,,35.0,117.0,,,,
2026,Kenyon Sadiq,Oregon,TE,14,"6'3""",75.0,241,4.39,,43.5,133.0,,,,
2026,Jordyn Tyson,Arizona State,WR,15,"6'2""",74.0,203,,,,,,,,
2026,Vega Ioane,Penn State,IOL,16,"6'4.5""",76.5,320,,,31.5,104.0,,,,32.75
2026,Peter Woods,Clemson,DL,17,"6'2.5""",74.5,298,,,,,,,,
2026,Denzel Boston,Washington,WR,18,"6'3.5""",75.5,212,,,35.0,,4.28,,,
2026,Monroe Freeling,Georgia,OT,19,"6'7.5""",79.5,315,4.93,,33.5,115.0,,,,34.75
2026,Caleb Lomu,Utah,OT,20,"6'6.5""",78.5,313,4.99,,32.5,113.0,,,,33.375
2026,Jermod McCoy,Tennessee,CB,21,"6'1""",73.0,188,,,,,,,,
2026,Cashius Howell,Texas A&M,EDGE,22,"6'2.5""",74.5,253,4.59,,32.5,115.0,,,,
2026,Avieon Terrell,Clemson,CB,23,"5'11""",71.0,186,,,34.0,123.0,,,,
2026,Kadyn Proctor,Alabama,OT,24,"6'6.5""",78.5,352,5.21,,32.5,109.0,,,,33.375
2026,Akheem Mesidor,Miami,EDGE,25,"6'3""",75.0,259,,,,,,,,
2026,KC Concepcion,Texas A&M,WR,26,"5'11.5""",71.5,196,,,,,,,,
2026,Dillon Thieneman,Oregon,S,27,"6'0""",72.0,201,4.35,,41.0,125.0,,,,
2026,Caleb Banks,Florida,DL,28,"6'6.5""",78.5,327,5.04,,32.0,114.0,,,,
2026,CJ Allen,Georgia,LB,29,"6'1""",73.0,230,,,,,,,,
2026,Kayden McDonald,Ohio State,DL,30,"6'2""",74.0,326,,,,,,,,
2026,Ty Simpson,Alabama,QB,31,"6'1""",73.0,211,,,,,,,9.375,
2026,Emmanuel McNeil-Warren,Toledo,S,32,"6'3.5""",75.5,201,4.52,,35.5,122.0,,,,
2026,T.J. Parker,Clemson,EDGE,33,"6'3.5""",75.5,263,4.68,,34.0,120.0,,,,
2026,Brandon Cisse,South Carolina,CB,34,"6'0""",72.0,189,,,41.0,131.0,,,,
2026,Colton Hood,Tennessee,CB,35,"5'11.5""",71.5,193,4.44,,40.5,125.0,,,,
2026,Lee Hunter,Texas Tech,DL,36,"6'3.5""",75.5,318,5.18,,21.5,100.0,,,,
2026,Blake Miller,Clemson,OT,37,"6'7""",79.0,317,5.04,,32.0,113.0,,,,34.25
2026,Max Iheanachor,Arizona State,OT,38,"6'6""",78.0,321,4.91,,30.5,115.0,,,,33.875
2026,Omar Cooper Jr.,Indiana,WR,39,"6'0""",72.0,199,4.42,,37.0,,,,,
2026,Zion Young,Missouri,EDGE,40,"6'6""",78.0,262,,,,,,,,
2026,Emmanuel Pregnon,Oregon,IOL,41,"6'4.5""",76.5,314,5.21,,35.0,111.0,,,,33.625
2026,R Mason Thomas,Oklahoma,EDGE,42,"6'2.5""",74.5,241,4.67,,,,,,,
2026,Anthony Hill Jr.,Texas,LB,43,"6'2""",74.0,238,4.51,,37.0,125.0,,,,
2026,D'Angelo Ponds,Indiana,CB,44,"5'8.5""",68.5,182,,,43.5,,,,,
2026,Malachi Fields,Notre Dame,WR,45,"6'4.5""",76.5,218,4.61,,38.0,124.0,4.35,6.98,,
2026,Christen Miller,Georgia,DL,46,"6'4""",76.0,321,,,,,,,,
2026,Chris Johnson,San Diego State,CB,47,"6'0.5""",72.5,193,4.4,,38.0,126.0,,,,
2026,Chris Bell,Louisville,WR,48,"6'2""",74.0,222,,,,,,,,
2026,A.J. Haulcy,LSU,S,49,"5'11.5""",71.5,215,4.52,,,,,,,
2026,Zachariah Branch,Georgia,WR,50,"5'8.5""",68.5,177,4.35,,38.0,125.0,,,,
2026,Jadarian Price,Notre Dame,RB,51,"5'10.5""",70.5,203,4.49,,35.0,124.0,,,,
2026,Chris Brazzell II,Tennessee,WR,52,"6'4""",76.0,198,4.37,,,,,,,
2026,Chase Bisontis,Texas A&M,IOL,53,"6'5.5""",77.5,315,5.02,,32.0,105.0,,,,31.75
2026,Gabe Jacas,Illinois,EDGE,54,"6'3.5""",75.5,260,,30.0,,,,,,
2026,Keith Abney II,Arizona State,CB,55,"5'10""",70.0,187,,,,,,,,
2026,Germie Bernard,Alabama,WR,56,"6'1.5""",73.5,206,4.48,,32.5,125.0,4.31,6.71,,
2026,Jake Golday,Cincinnati,LB,57,"6'4.5""",76.5,239,4.62,,39.0,125.0,4.34,7.02,,
2026,Keionte Scott,Miami,CB,58,"5'11.5""",71.5,193,,,,,,,,
2026,Caleb Tiernan,Northwestern,OT,59,"6'7.5""",79.5,323,,,35.5,111.0,,,,32.25
2026,LT Overton,Alabama,EDGE,60,"6'3""",75.0,274,4.87,,,,,,,
2026,Gennings Dunker,Iowa,OT,61,"6'5""",77.0,319,5.18,,32.5,108.0,,,,33.5
2026,Elijah Sarratt,Indiana,WR,62,"6'2.5""",74.5,210,,,,,,,,
2026,Josiah Trotter,Missouri,LB,63,"6'2""",74.0,237,,,,,,,,
2026,Eli Stowers,Vanderbilt,TE,64,"6'4""",76.0,239,4.51,,45.5,135.0,,,,
2026,Derrick Moore,Michigan,EDGE,65,"6'4""",76.0,255,,,,,,,,
2026,Connor Lew,Auburn,IOL,66,"6'3.5""",75.5,310,,,,,,,,32.375
2026,Kamari Ramsey,USC,S,67,"6'0.5""",72.5,202,4.47,,36.0,120.0,,,,
2026,Antonio Williams,Clemson,WR,68,"5'11.5""",71.5,187,4.41,,39.5,124.0,,7.0,,
2026,Jacob Rodriguez,Texas Tech,LB,69,"6'1.5""",73.5,231,4.57,,38.5,121.0,4.19,6.9,,
2026,Davison Igbinosun,Ohio State,CB,70,"6'2""",74.0,189,4.45,,34.0,120.0,,,,
2026,Romello Height,Texas Tech,EDGE,71,"6'3""",75.0,239,4.64,,39.0,125.0,,,,
2026,Max Klare,Ohio State,TE,72,"6'4.5""",76.5,246,,,,,,,,
2026,Domonique Orange,Iowa State,DL,73,"6'2.5""",74.5,322,,,,,,,,
2026,Kyle Louis,Pittsburgh,LB,74,"6'0""",72.0,220,4.53,,39.5,129.0,4.26,6.97,,
2026,Emmett Johnson,Nebraska,RB,75,"5'10.5""",70.5,202,4.56,,35.5,120.0,4.29,7.32,,
2026,Joshua Josephs,Tennessee,EDGE,76,"6'3""",75.0,242,,,,,,,,
2026,Deontae Lawson,Alabama,LB,77,"6'3""",75.0,226,,,,,,,,
2026,Malik Muhammad,Texas,CB,78,"6'0""",72.0,182,4.42,,39.0,130.0,,,,
2026,Darrell Jackson Jr.,Florida State,DL,79,"6'5.5""",77.5,315,,,,,,,,
2026,Julian Neal,Arkansas,CB,80,"6'1.5""",73.5,203,4.49,,40.0,134.0,4.2,7.13,,
2026,Jonah Coleman,Washington,RB,81,"5'8""",68.0,220,,,,,,,,
2026,Devin Moore,Florida,CB,82,"6'3.5""",75.5,198,4.5,,,,,,,
2026,Garrett Nussmeier,LSU,QB,83,"6'1.5""",73.5,203,,,,,,,9.125,
2026,Malachi Lawrence,UCF,EDGE,84,"6'4.5""",76.5,253,4.52,,40.0,130.0,,,,
2026,Dani Dennis-Sutton,Penn State,EDGE,85,"6'5.5""",77.5,256,4.63,,39.5,131.0,,6.9,,
2026,Michael Trigg,Baylor,TE,86,"6'4""",76.0,240,,,,,,,,
2026,Genesis Smith,Arizona,S,87,"6'2""",74.0,202,,,42.5,128.0,4.18,,,
2026,Chandler Rivers,Duke,CB,88,"5'9.5""",69.5,185,4.4,,39.0,130.0,,,,
2026,Mike Washington Jr.,Arkansas,RB,89,"6'1""",73.0,223,4.33,,39.0,128.0,,,,
2026,Ja'Kobi Lane,USC,WR,90,"6'4.5""",76.5,200,4.47,,40.0,129.0,,,,
2026,Treydan Stukes,Arizona,CB,91,"6'0.5""",72.5,190,4.33,,38.0,130.0,,,,
2026,Ted Hurst,Georgia State,WR,92,"6'4""",76.0,206,4.42,,36.5,135.0,,,,
2026,Deion Burks,Oklahoma,WR,93,"5'10""",70.0,180,4.3,,42.5,131.0,,,,
2026,Zakee Wheatley,Penn State,S,94,"6'3""",75.0,203,,,32.5,122.0,,,,
2026,Anthony Lucas,USC,EDGE,95,"6'5.5""",77.5,256,,,,,,,,
2026,Will Lee III,Texas A&M,CB,96,"6'1.5""",73.5,189,4.52,,42.0,132.0,,,,
2026,Keylan Rutledge,Georgia Tech,IOL,97,"6'3.5""",75.5,316,5.05,,32.5,104.0,,,,33.25
2026,Sam Hecht,Kansas State,IOL,98,"6'4""",76.0,303,5.1,,28.0,101.0,,,,31.625
2026,Chris McClellan,Missouri,DL,99,"6'4""",76.0,313,5.05,25.0,29.5,108.0,,,,
2026,Skyler Bell,UConn,WR,100,"5'11.5""",71.5,192,4.4,,41.0,133.0,,,,
2026,Jake Slaughter,Florida,IOL,101,"6'5""",77.0,303,5.1,,32.5,110.0,,,,32.375
2026,Gracen Halton,Oklahoma,DL,102,"6'2.5""",74.5,293,4.82,,36.5,114.0,,8.09,,
2026,Isaiah World,Oregon,OT,103,"6'8""",80.0,312,,,,,,,,
2026,Jaishawn Barham,Michigan,LB,104,"6'3.5""",75.5,240,4.64,,33.0,123.0,,,,
2026,Austin Barber,Florida,OT,105,"6'7""",79.0,318,5.12,,32.0,111.0,,,,33.125
2026,Keyron Crawford,Auburn,EDGE,106,"6'4.5""",76.5,253,,,,,,,,
2026,Bud Clark,TCU,S,107,"6'1""",73.0,188,4.41,,38.0,127.0,,,,
2026,Markel Bell,Miami,OT,108,"6'9.5""",81.5,346,5.36,,,,,,,36.375
2026,Dontay Corleone,Cincinnati,DL,109,"6'0.5""",72.5,340,,,,,,,,
2026,Carson Beck,Miami,QB,110,"6'5""",77.0,233,,,,,,,10.0,
2026,Brenen Thompson,Mississippi State,WR,111,"5'9.5""",69.5,164,4.26,,,,,,,
2026,Nicholas Singleton,Penn State,RB,112,"6'0.5""",72.5,219,,,,,,,,
2026,Jack Endries,Texas,TE,113,"6'4.5""",76.5,245,4.62,,36.0,119.0,,,,
2026,Billy Schrauth,Notre Dame,IOL,114,"6'5""",77.0,310,,,,,,,,32.875
2026,Taurean York,Texas A&M,LB,115,"5'11""",71.0,226,,,,,4.48,7.32,,
2026,Harold Perkins Jr.,LSU,LB,116,"6'1""",73.0,223,,,,,,,,
2026,Justin Joly,NC State,TE,117,"6'3.5""",75.5,241,,,,,,,,
2026,Zane Durant,Penn State,DL,118,"6'1""",73.0,290,4.75,,33.5,112.0,,,,
2026,Mikail Kamara,Indiana,EDGE,119,"6'1""",73.0,265,,,,,,,,
2026,Parker Brailsford,Alabama,IOL,120,"6'2""",74.0,289,4.95,,32.5,118.0,,,,32.0
2026,Brian Parker II,Duke,OT,121,"6'5.5""",77.5,309,5.14,,,109.0,,,,32.875
2026,Drew Shelton,Penn State,OT,122,"6'5""",77.0,313,5.16,,31.0,112.0,,,,33.375
2026,Jalon Kilgore,South Carolina,S,123,"6'1.5""",73.5,210,4.4,,37.0,130.0,4.32,,,
2026,Kage Casey,Boise State,OT,124,"6'5.5""",77.5,310,5.2,,,,,,,32.75
2026,Daylen Everette,Georgia,CB,125,"6'1.5""",73.5,196,4.38,,37.5,124.0,,,,
2026,Sam Roush,Stanford,TE,126,"6'6""",78.0,267,4.7,,38.5,126.0,4.37,7.08,,
2026,CJ Daniels,Miami,WR,127,"6'2.5""",74.5,202,,,,,,,,
2026,Nate Boerkircher,Texas A&M,TE,128,"6'5.5""",77.5,245,,,,,4.4,,,
2026,De'Zhaun Stribling,Ole Miss,WR,129,"6'2""",74.0,207,4.36,,36.0,127.0,,,,
2026,Kaytron Allen,Penn State,RB,130,"5'11.5""",71.5,216,,,,,,,,
2026,Rayshaun Benny,Michigan,DL,131,"6'3.5""",75.5,298,,,,,,,,
2026,Domani Jackson,Alabama,CB,132,"6'1""",73.0,194,4.41,,,,,,,
2026,Drew Allar,Penn State,QB,133,"6'5.5""",77.5,228,,,,,,,9.875,
2026,Jude Bowry,Boston College,OT,134,"6'5""",77.0,314,5.08,,34.5,115.0,,,,33.75
2026,Josh Cameron,Baylor,WR,135,"6'1.5""",73.5,220,,,,,,,,
2026,Skyler Gill-Howard,Texas Tech,DL,136,"6'0.5""",72.5,280,,27.0,,,,,,
2026,Demond Claiborne,Wake Forest,RB,137,"5'10""",70.0,188,4.37,,,122.0,,,,
2026,Reggie Virgil,Texas Tech,WR,138,"6'2.5""",74.5,187,4.57,,36.0,127.0,,,,
2026,Dametrious Crownover,Texas A&M,OT,139,"6'7.5""",79.5,319,5.14,,,,,,,35.375
2026,Logan Jones,Iowa,IOL,140,"6'3""",75.0,299,4.9,,32.0,110.0,,,,30.75
2026,Lander Barton,Utah,LB,141,"6'4.5""",76.5,233,,,,,,,,
2026,Louis Moore,Indiana,S,142,"5'11""",71.0,191,,,,,,,,
2026,Alex Harkey,Oregon,OT,143,"6'5.5""",77.5,308,,,,,,,,31.75
2026,Oscar Delp,Georgia,TE,144,"6'5""",77.0,245,,,,,,,,
2026,Tyreak Sapp,Florida,EDGE,145,"6'2.5""",74.5,273,,28.0,,,,,,
2026,Tim Keenan III,Alabama,DL,146,"6'1""",73.0,327,5.31,21.0,30.0,100.0,,,,
2026,Jager Burton,Kentucky,IOL,147,"6'4""",76.0,312,4.94,,28.0,111.0,,,,32.5
2026,Fernando Carmona Jr.,Arkansas,OT,148,"6'4.5""",76.5,316,5.22,,29.0,103.0,,,,32.125
2026,Kevin Coleman Jr.,Missouri,WR,149,"5'10.5""",70.5,179,4.49,,38.5,126.0,,,,
2026,J.C. Davis,Illinois,OT,150,"6'4.5""",76.5,322,5.16,,30.5,99.0,,,,34.25
2026,Trey Zuhn III,Texas A&M,OT,151,"6'6.5""",78.5,312,,,,,,,,32.5
2026,Ephesians Prysock,Washington,CB,152,"6'3.5""",75.5,196,4.45,,39.0,124.0,,,,
2026,Eli Raridon,Notre Dame,TE,153,"6'6""",78.0,245,4.62,,36.0,123.0,,,,
2026,Tacario Davis,Washington,CB,154,"6'4""",76.0,194,4.41,,37.0,123.0,,,,
2026,Joe Royer,Cincinnati,TE,155,"6'5""",77.0,247,,,,,,,,
2026,Bryce Lance,North Dakota State,WR,156,"6'3.5""",75.5,204,4.34,,41.5,133.0,4.15,7.0,,
2026,Beau Stephens,Iowa,IOL,157,"6'5.5""",77.5,315,5.35,,28.0,102.0,,,,31.125
2026,DeMonte Capehart,Clemson,DL,158,"6'5""",77.0,313,4.85,,33.5,107.0,,,,
2026,Hezekiah Masses,California,CB,159,"6'0.5""",72.5,179,4.46,,31.5,119.0,,,,
2026,Ar'maj Reed-Adams,Texas A&M,IOL,160,"6'6""",78.0,314,5.28,,29.5,110.0,,,,34.375
2026,Aamil Wagner,Notre Dame,OT,161,"6'6""",78.0,306,5.01,,29.5,108.0,,,,34.5
2026,TJ Hall,Iowa,CB,162,"6'1""",73.0,189,4.59,,36.0,,4.19,7.19,,
2026,Dallen Bentley,Utah,TE,163,"6'4""",76.0,253,4.62,,35.0,118.0,4.42,,,
2026,Michael Taaffe,Texas,S,164,"6'0""",72.0,190,4.5,,,,,,,
2026,Max Llewellyn,Iowa,EDGE,165,"6'5.5""",77.5,258,4.81,,32.5,115.0,,,,
2026,Aaron Anderson,LSU,WR,166,"5'8""",68.0,191,,,30.0,113.0,,,,
2026,Eric McAlister,TCU,WR,167,"6'3.5""",75.5,194,,,,,,,,
2026,Cade Klubnik,Clemson,QB,168,"6'2.5""",74.5,207,,,,,,,9.25,
2026,Albert Regis,Texas A&M,DL,169,"6'1.5""",73.5,295,4.88,,34.0,116.0,,7.77,,
2026,DJ Campbell,Texas,IOL,170,"6'3""",75.0,313,5.01,,26.5,104.0,,,,34.25
2026,Jaeden Roberts,Alabama,IOL,171,"6'5.5""",77.5,333,,,,,,,,33.375
2026,Ethan Burke,Texas,EDGE,172,"6'6""",78.0,259,,,,,,,,
2026,Aiden Fisher,Indiana,LB,173,"6'1""",73.0,232,,,,,,,,
2026,Sawyer Robertson,Baylor,QB,174,"6'4""",76.0,216,4.64,,37.5,123.0,4.46,,9.375,
2026,Zxavian Harris,Ole Miss,DL,175,"6'8""",80.0,330,,,,,,,,
2026,Eric Rivers,Georgia Tech,WR,176,"5'10""",70.0,176,4.35,,37.0,127.0,,,,
2026,Bishop Fitzgerald,USC,S,177,"5'11""",71.0,201,4.55,,33.0,,,,,
2026,Marlin Klein,Michigan,TE,178,"6'6""",78.0,248,4.61,,36.0,117.0,,7.42,,
2026,J'Mari Taylor,Virginia,RB,179,"5'10""",70.0,199,,,34.5,115.0,,,,
